,Unnamed: 0,Private,Apps,Accept,Enroll,Top10perc,Top25perc,F.Undergrad,P.Undergrad,Outstate,Room.Board,Books,Personal,PhD,Terminal,S.F.Ratio,perc.alumni,Expend,Grad.Rate,name,state,state_code,type,degree_length,room_and_board,in_state_tuition,in_state_total,out_of_state_tuition,out_of_state_total
0,Abilene Christian University,Yes,1660,1232,721,23,52,2885,537,7440,3300,450,2200,70,78,18.1,12,7041,60,Abilene Christian University,Texas,TX,Private,4 Year,10350.0,34850,45200,34850,45200
1,Adelphi University,Yes,2186,1924,512,16,29,2683,1227,12280,6450,750,1500,29,30,12.2,16,10527,56,Adelphi University,New York,NY,Private,4 Year,16030.0,38660,54690,38660,54690
2,Adrian College,Yes,1428,1097,336,22,50,1036,99,11250,3750,400,1165,53,66,12.9,30,8735,54,Adrian College,Michigan,MI,Private,4 Year,11318.0,37087,48405,37087,48405
3,Agnes Scott College,Yes,417,349,137,60,89,510,63,12960,5450,450,875,92,97,7.7,37,19016,59,Agnes Scott College,Georgia,GA,Private,4 Year,12330.0,41160,53490,41160,53490
4,Alaska Pacific University,Yes,193,146,55,16,44,249,869,7560,4120,800,1500,76,72,11.9,2,10922,15,Alaska Pacific University,Alaska,AK,Private,4 Year,7300.0,20830,28130,20830,28130
5,Albertus Magnus College,Yes,353,340,103,17,45,416,230,13290,5720,500,1500,90,93,11.5,26,8861,63,Albertus Magnus College,Connecticut,CT,Private,4 Year,13200.0,32060,45260,32060,45260
6,Albion College,Yes,1899,1720,489,37,68,1594,32,13868,4826,450,850,89,100,13.7,37,11487,73,Albion College,Michigan,MI,Private,4 Year,12380.0,45775,58155,45775,58155
7,Albright College,Yes,1038,839,227,30,63,973,306,15595,4400,300,500,79,84,11.3,23,11644,80,Albright College,Pennsylvania,PA,Private,4 Year,12070.0,45306,57376,45306,57376
8,Alfred University,Yes,1732,1425,472,37,75,1830,110,16548,5406,500,600,82,88,11.3,31,10932,73,Alfred University,New York,NY,Private,4 Year,12516.0,33484,46000,33484,46000
9,Allegheny College,Yes,2652,1900,484,44,77,1707,44,17080,4440,400,600,73,91,9.9,41,11711,76,Allegheny College,Pennsylvania,PA,Private,4 Year,12140.0,47540,59680,47540,59680
10,Alma College,Yes,1267,1080,385,44,73,1306,28,12572,4552,400,400,79,87,15.3,32,9305,68,Alma College,Michigan,MI,Private,4 Year,10998.0,40258,51256,40258,51256
11,Alverno College,Yes,494,313,157,23,46,1317,1235,8352,3640,650,2449,36,69,11.1,26,8127,55,Alverno College,Wisconsin,WI,Private,4 Year,8546.0,28302,36848,28302,36848
12,American International College,Yes,1420,1093,220,9,22,1018,287,8700,4780,450,1400,78,84,14.7,19,7355,69,American International College,Massachusetts,MA,Private,4 Year,14300.0,35680,49980,35680,49980
13,Amherst College,Yes,4302,992,418,83,96,1593,5,19760,5300,660,1598,93,98,8.4,63,21424,100,Amherst College,Massachusetts,MA,Private,4 Year,14740.0,56426,71166,56426,71166
14,Anderson University,Yes,1216,908,423,19,40,1819,281,10100,3520,550,1100,48,61,12.1,14,7994,59,Anderson University,South Carolina,SC,Private,4 Year,9830.0,28000,37830,28000,37830
15,Anderson University,Yes,1216,908,423,19,40,1819,281,10100,3520,550,1100,48,61,12.1,14,7994,59,Anderson University,Indiana,IN,Private,4 Year,9890.0,30450,40340,30450,40340
16,Andrews University,Yes,1130,704,322,14,23,1586,326,9996,3090,900,1320,62,66,11.5,18,10908,46,Andrews University,Michigan,MI,Private,4 Year,9078.0,29288,38366,29288,38366
17,Angelo State University,No,3540,2001,1016,24,54,4190,1512,5130,3592,500,2000,60,62,23.1,5,4010,34,Angelo State University,Texas,TX,Public,4 Year,9130.0,8489,17619,20939,30069
18,Appalachian State University,No,7313,4664,1910,20,63,9940,1035,6806,2540,96,2000,83,96,18.3,14,5854,70,Appalachian State University,North Carolina,NC,Public,4 Year,8304.0,7214,15518,22021,30325
19,Aquinas College,Yes,619,516,219,20,51,1251,767,11208,4124,350,1615,55,65,12.7,25,6584,65,Aquinas College,Michigan,MI,Private,4 Year,9332.0,32574,41906,32574,41906
21,Arkansas Tech University,No,1734,1729,951,12,52,3602,939,3460,2650,450,1000,57,60,19.6,5,4739,48,Arkansas Tech University,Arkansas,AR,Public,4 Year,7870.0,9068,16938,15848,23718
22,Assumption College,Yes,2135,1700,491,23,59,1708,689,12000,5920,500,500,93,93,13.8,30,7100,88,Assumption College,Massachusetts,MA,Private,4 Year,12694.0,40958,53652,40958,53652
23,Augustana College,Yes,761,725,306,21,58,1337,300,10990,3244,600,1021,66,70,10.4,30,6871,69,Augustana College,Illinois,IL,Private,4 Year,10572.0,42135,52707,42135,52707
24,Austin College,Yes,948,798,295,42,74,1120,15,11280,4342,400,1150,81,95,13.0,33,11361,71,Austin College,Texas,TX,Private,4 Year,12527.0,39985,52512,39985,52512
25,Baker University,Yes,602,483,206,21,47,958,466,8620,4100,400,2250,58,68,11.0,21,6136,65,Baker University,Kansas,KS,Private,4 Year,8410.0,29830,38240,29830,38240
26,Bard College,Yes,1910,838,285,50,85,1004,15,19264,6206,750,750,98,98,10.4,30,13894,79,Bard College,New York,NY,Private,4 Year,15488.0,54680,70168,54680,70168
27,Barnard College,Yes,2496,1402,531,53,95,2121,69,17926,8124,600,850,83,93,10.3,33,12580,91,Barnard College,New York,NY,Private,4 Year,17225.0,55032,72257,55032,72257
28,Barry University,Yes,990,784,279,18,45,1811,3144,11290,5360,600,1800,76,78,12.6,11,9084,72,Barry University,Florida,FL,Private,4 Year,11100.0,29850,40950,29850,40950
29,Baylor University,Yes,6075,5349,2367,34,66,9919,484,6450,3920,600,1346,71,76,18.5,38,7503,72,Baylor University,Texas,TX,Private,4 Year,12595.0,45727,58322,45727,58322
30,Belmont Abbey College,Yes,632,494,129,17,36,709,131,9000,4850,300,2480,78,85,13.2,10,7550,52,Belmont Abbey College,North Carolina,NC,Private,4 Year,10355.0,18500,28855,18500,28855
31,Belmont University,Yes,1220,974,481,28,67,1964,623,7800,3664,650,900,61,61,11.1,19,7614,49,Belmont University,Tennessee,TN,Private,4 Year,12120.0,34310,46430,34310,46430
32,Beloit College,Yes,1320,923,284,26,54,1085,81,16304,3616,355,715,87,95,11.1,26,12957,69,Beloit College,Wisconsin,WI,Private,4 Year,8830.0,50040,58870,50040,58870
33,Bemidji State University,No,1208,877,546,12,36,3796,824,4425,2700,660,1800,57,62,19.6,16,3752,46,Bemidji State University,Minnesota,MN,Public,4 Year,8408.0,8696,17104,8696,17104
34,Benedictine College,Yes,632,620,222,14,24,702,501,9550,3850,350,250,64,84,14.1,18,5922,58,Benedictine College,Kansas,KS,Private,4 Year,10300.0,29530,39830,29530,39830
35,Bennington College,Yes,519,327,114,25,53,457,2,21700,4100,600,500,35,59,10.1,33,16364,55,Bennington College,Vermont,VT,Private,4 Year,15610.0,54360,69970,54360,69970
36,Berry College,Yes,1858,1221,480,37,68,1620,49,8050,3940,350,2375,80,80,16.3,17,10511,63,Berry College,Georgia,GA,Private,4 Year,12770.0,36556,49326,36556,49326
37,Bethany College,Yes,878,816,200,16,41,706,62,8740,3363,550,1700,62,68,11.6,29,7718,48,Bethany College,Kansas,KS,Private,4 Year,10605.0,28475,39080,28475,39080
38,Bethany College,Yes,878,816,200,16,41,706,62,8740,3363,550,1700,62,68,11.6,29,7718,48,Bethany College,West Virginia,WV,Private,4 Year,10580.0,29773,40353,29773,40353
39,Bethel College,Yes,502,384,104,11,28,347,74,6200,2900,600,800,63,63,11.7,13,7623,35,Bethel College,Indiana,IN,Private,4 Year,9000.0,28590,37590,28590,37590
40,Bethel College,Yes,502,384,104,11,28,347,74,6200,2900,600,800,63,63,11.7,13,7623,35,Bethel College,Kansas,KS,Private,4 Year,8850.0,28780,37630,28780,37630
41,Birmingham-Southern College,Yes,805,588,287,67,88,1376,207,11660,4325,400,900,74,79,14.0,34,8649,72,Birmingham-Southern College,Alabama,AL,Private,4 Year,12350.0,17650,30000,17650,30000
42,Blackburn College,Yes,500,336,156,25,55,421,27,6500,2700,500,1000,76,76,14.3,53,8377,51,Blackburn College,Illinois,IL,Private,4 Year,7930.0,22410,30340,22410,30340
43,Bluefield College,Yes,377,358,181,15,30,653,129,7150,4350,450,1500,61,67,17.8,3,6259,53,Bluefield College,Virginia,VA,Private,4 Year,9024.0,25290,34314,25290,34314
44,Boston University,Yes,20192,13007,3810,45,80,14971,3113,18420,6810,475,1025,80,81,11.9,16,16836,72,Boston University,Massachusetts,MA,Private,4 Year,15720.0,53948,69668,53948,69668
45,Bowdoin College,Yes,3356,1019,418,76,100,1490,8,19030,5885,1495,875,93,96,11.2,52,20447,96,Bowdoin College,Maine,ME,Private,4 Year,14698.0,53922,68620,53922,68620
46,Bowling Green State University,No,9251,7333,3076,14,45,13699,1213,7452,3352,600,1700,81,89,21.1,14,6918,67,Bowling Green State University,Ohio,OH,Public,4 Year,9168.0,11105,20273,19093,28261
47,Bradley University,Yes,3767,3414,1061,30,58,4531,643,10870,4440,2000,1522,75,81,14.4,21,7671,85,Bradley University,Illinois,IL,Private,4 Year,10620.0,33760,44380,33760,44380
48,Brandeis University,Yes,4186,2743,740,48,77,2819,62,19380,6750,410,1000,90,97,9.8,24,17150,84,Brandeis University,Massachusetts,MA,Private,4 Year,15440.0,55395,70835,55395,70835
49,Brenau University,Yes,367,274,158,12,41,917,479,9592,5879,500,700,71,80,13.7,12,5935,49,Brenau University,Georgia,GA,Private,4 Year,12418.0,29050,41468,29050,41468
50,Brewton-Parker College,Yes,1436,1228,1202,10,26,1320,822,4371,2370,500,2000,62,62,12.6,10,4900,18,Brewton-Parker College,Georgia,GA,Private,4 Year,7850.0,18690,26540,18690,26540
51,Bridgewater College,Yes,838,673,292,22,53,881,55,10265,4725,560,875,68,73,13.2,24,8655,82,Bridgewater College,Virginia,VA,Private,4 Year,12720.0,35160,47880,35160,47880
52,Brown University,Yes,12586,3239,1462,87,95,5643,349,19528,5926,720,1100,99,100,7.6,39,20440,97,Brown University,Rhode Island,RI,Private,4 Year,14670.0,55656,70326,55656,70326
53,Bryn Mawr College,Yes,1465,810,313,71,95,1088,16,18165,6750,500,1200,100,100,12.3,49,17449,89,Bryn Mawr College,Pennsylvania,PA,Private,4 Year,16500.0,52360,68860,52360,68860
54,Bucknell University,Yes,6548,3813,862,49,85,3316,31,18550,4750,800,1200,95,97,14.2,36,13675,93,Bucknell University,Pennsylvania,PA,Private,4 Year,13662.0,56092,69754,56092,69754
55,Butler University,Yes,2362,2037,700,40,68,2607,148,13130,4650,500,1600,77,81,10.9,29,9511,83,Butler University,Indiana,IN,Private,4 Year,13830.0,41120,54950,41120,54950
56,California Lutheran University,Yes,563,247,247,23,52,1427,432,12950,5300,612,576,72,74,12.4,17,8985,60,California Lutheran University,California,CA,Private,4 Year,13779.0,42693,56472,42693,56472
57,Calvin College,Yes,1784,1512,913,29,56,3401,136,10230,3710,400,1210,75,81,14.8,41,7786,81,Calvin College,Michigan,MI,Private,4 Year,10200.0,34600,44800,34600,44800
58,Campbell University,Yes,2087,1339,657,20,54,3191,1204,7550,2790,600,500,77,77,21.8,34,3739,63,Campbell University,North Carolina,NC,Private,4 Year,11430.0,32500,43930,32500,43930
59,Canisius College,Yes,2853,2193,753,16,34,2978,434,10750,5340,400,1130,90,92,14.6,26,7972,64,Canisius College,New York,NY,Private,4 Year,11300.0,28488,39788,28488,39788
60,Capital University,Yes,1747,1382,449,34,66,1662,960,13050,4000,500,800,64,69,12.1,27,9557,83,Capital University,Ohio,OH,Private,4 Year,10842.0,35466,46308,35466,46308
61,Carleton College,Yes,2694,1579,489,75,93,1870,12,19292,3957,550,550,81,93,10.4,60,17960,91,Carleton College,Minnesota,MN,Private,4 Year,14085.0,54759,68844,54759,68844
62,Carnegie Mellon University,Yes,8728,5201,1191,60,89,4265,291,17900,5690,450,1250,86,93,9.2,31,24386,74,Carnegie Mellon University,Pennsylvania,PA,Private,4 Year,14418.0,55465,69883,55465,69883
63,Carroll College,Yes,1160,991,352,19,55,1357,737,12200,3880,480,930,74,81,17.8,25,7666,79,Carroll College,Montana,MT,Private,4 Year,9880.0,35486,45366,35486,45366
64,Carthage College,Yes,1616,1427,434,20,43,1405,580,13125,3775,500,1300,74,89,15.9,22,7364,62,Carthage College,Wisconsin,WI,Private,4 Year,11990.0,43550,55540,43550,55540
65,Case Western Reserve University,Yes,3877,3156,713,71,93,3051,513,15700,4730,525,1460,95,95,2.9,29,19733,67,Case Western Reserve University,Ohio,OH,Private,4 Year,15190.0,49042,64232,49042,64232
66,Catawba College,Yes,1083,880,291,13,34,915,80,9270,4100,600,1860,75,82,13.5,27,8425,55,Catawba College,North Carolina,NC,Private,4 Year,10488.0,30520,41008,30520,41008
68,Cazenovia College,Yes,3847,3433,527,9,35,1010,12,9384,4840,600,500,22,47,14.3,20,7697,118,Cazenovia College,New York,NY,Private,4 Year,14596.0,34630,49226,34630,49226
69,Cedar Crest College,Yes,776,607,198,25,58,791,764,14340,5285,500,1000,58,83,11.7,39,10961,74,Cedar Crest College,Pennsylvania,PA,Private,4 Year,11544.0,39216,50760,39216,50760
70,Centenary College of Louisiana,Yes,495,434,210,35,55,775,44,8950,3490,600,1900,86,92,11.3,25,9685,66,Centenary College of Louisiana,Louisiana,LA,Private,4 Year,13400.0,36580,49980,36580,49980
71,Central College,Yes,1283,1113,401,31,65,1355,40,10938,3660,650,600,76,90,13.5,29,8444,67,Central College,Iowa,IA,Private,4 Year,10280.0,37295,47575,37295,47575
72,Central Connecticut State University,No,4158,2532,902,6,24,6394,3881,5962,4444,500,985,69,73,16.7,4,4900,49,Central Connecticut State University,Connecticut,CT,Public,4 Year,12176.0,10616,22792,21856,34032
73,Central Washington University,No,2785,2011,1007,8,65,6507,898,7242,3603,654,1416,67,89,18.1,0,6413,51,Central Washington University,Washington,WA,Public,4 Year,11115.0,8072,19187,23053,34168
74,Centre College,Yes,1013,888,288,55,82,943,7,11850,4270,600,900,95,99,11.4,60,13118,74,Centre College,Kentucky,KY,Private,4 Year,10480.0,41700,52180,41700,52180
75,Chapman University,Yes,959,771,351,23,48,1662,209,16624,5895,600,1100,72,80,12.8,6,12692,47,Chapman University,California,CA,Private,4 Year,15828.0,52724,68552,52724,68552
76,Chestnut Hill College,Yes,342,254,126,25,64,518,232,10335,5015,700,850,71,71,8.3,29,7729,73,Chestnut Hill College,Pennsylvania,PA,Private,4 Year,11000.0,36180,47180,36180,47180
77,Christendom College,Yes,81,72,51,33,71,139,3,8730,3600,400,800,92,92,9.3,17,10922,58,Christendom College,Virginia,VA,Private,4 Year,10280.0,26360,36640,26360,36640
78,Christian Brothers University,Yes,880,520,224,16,42,1068,364,9300,3260,600,900,81,81,11.1,24,8129,63,Christian Brothers University,Tennessee,TN,Private,4 Year,7400.0,32820,40220,32820,40220
79,Christopher Newport University,No,883,766,428,3,37,2910,1749,7860,4750,525,1889,80,82,21.2,16,4639,48,Christopher Newport University,Virginia,VA,Public,4 Year,11460.0,14754,26214,27220,38680
80,Claremont McKenna College,Yes,1860,767,227,71,93,887,1,17000,6010,500,850,99,99,9.6,52,18443,87,Claremont McKenna College,California,CA,Private,4 Year,16705.0,54405,71110,54405,71110
81,Clark University,Yes,2887,2059,457,30,61,1928,296,17500,4200,500,950,94,95,10.5,35,11951,79,Clark University,Massachusetts,MA,Private,4 Year,9170.0,45730,54900,45730,54900
82,Clarkson University,Yes,2174,1953,557,35,68,2332,53,15960,5580,700,1300,95,95,15.8,32,11659,77,Clarkson University,New York,NY,Private,4 Year,14908.0,49444,64352,49444,64352
83,Clemson University,No,8065,5257,2301,37,65,11755,770,8116,3610,800,1618,82,88,18.0,17,7597,73,Clemson University,South Carolina,SC,Public,4 Year,10832.0,14970,25802,36724,47556
84,Coe College,Yes,1006,742,275,29,60,1127,205,13925,4390,500,2200,73,86,12.7,32,10141,67,Coe College,Iowa,IA,Private,4 Year,9480.0,45000,54480,45000,54480
85,Coker College,Yes,604,452,295,15,47,690,222,9888,4502,400,1000,64,77,12.1,39,8741,75,Coker College,South Carolina,SC,Private,4 Year,9090.0,29328,38418,29328,38418
86,Colby College,Yes,2848,1319,456,58,84,1720,35,18930,5590,500,1000,83,94,10.2,41,15954,91,Colby College,Maine,ME,Private,4 Year,14190.0,55210,69400,55210,69400
87,Colgate University,Yes,4856,2492,727,46,75,2649,25,19510,5565,500,750,95,98,10.5,45,15494,93,Colgate University,New York,NY,Private,4 Year,13995.0,55870,69865,55870,69865
88,College of Charleston,No,4772,3140,1265,22,55,6851,1200,6120,3460,666,2316,73,78,17.2,18,4776,51,College of Charleston,South Carolina,SC,Public,4 Year,12166.0,12738,24904,31920,44086
89,College of Mount St. Vincent,Yes,946,648,177,23,46,707,432,11790,5770,500,1000,75,77,11.9,35,10015,83,College of Mount St. Vincent,New York,NY,Private,4 Year,10500.0,38180,48680,38180,48680
90,College of Saint Rose,Yes,983,664,249,23,57,1698,894,9990,5666,800,1500,66,71,14.3,28,6084,64,College of Saint Rose,New York,NY,Private,4 Year,12714.0,32574,45288,32574,45288
91,College of St. Scholastica,Yes,672,596,278,29,60,1350,275,11844,3696,450,1146,54,76,11.6,33,8996,72,College of St. Scholastica,Minnesota,MN,Private,4 Year,9710.0,37212,46922,37212,46922
92,College of the Holy Cross,Yes,2994,1691,659,70,95,2675,22,18000,6300,400,900,92,96,11.3,55,12138,95,College of the Holy Cross,Massachusetts,MA,Private,4 Year,14520.0,52770,67290,52770,67290
93,College of William and Mary,No,7117,3106,1217,68,88,5186,134,11720,4298,600,800,89,92,12.1,31,9534,93,College of William and Mary,Virginia,VA,Public,4 Year,12236.0,23400,35636,44701,56937
94,College of Wooster,Yes,2100,1883,553,29,65,1704,1,16240,4690,500,500,84,96,11.1,43,14140,69,College of Wooster,Ohio,OH,Private,4 Year,11850.0,50250,62100,50250,62100
95,Colorado College,Yes,3207,1577,490,56,87,1892,7,17142,4190,450,1200,85,97,11.3,51,14664,84,Colorado College,Colorado,CO,Private,4 Year,12512.0,55470,67982,55470,67982
96,Colorado State University,No,9478,6312,2194,29,65,15646,1829,8412,4180,470,1800,87,89,19.2,10,7850,59,Colorado State University,Colorado,CO,Public,4 Year,11964.0,11831,23795,29732,41696
97,Columbia College,Yes,737,614,242,21,67,968,237,10425,3975,500,1500,61,77,14.7,34,8693,76,Columbia College,South Carolina,SC,Private,4 Year,7900.0,19500,27400,19500,27400
98,Columbia College,Yes,737,614,242,21,67,968,237,10425,3975,500,1500,61,77,14.7,34,8693,76,Columbia College,Missouri,MO,Private,4 Year,7808.0,22704,30512,22704,30512
100,Columbia University,Yes,6756,1930,871,78,96,3376,55,18624,6664,550,300,97,98,5.9,21,30639,99,Columbia University,New York,NY,Private,4 Year,14016.0,59985,74001,59985,74001
101,Concordia University,Yes,528,403,186,22,56,1168,145,9216,4191,400,1000,56,64,12.1,13,7309,75,Concordia University,Michigan,MI,Private,4 Year,10310.0,29320,39630,29320,39630
102,Concordia University,Yes,528,403,186,22,56,1168,145,9216,4191,400,1000,56,64,12.1,13,7309,75,Concordia University,Oregon,OR,Private,4 Year,9520.0,30908,40428,30908,40428
103,Concordia University,Yes,528,403,186,22,56,1168,145,9216,4191,400,1000,56,64,12.1,13,7309,75,Concordia University,Nebraska,NE,Private,4 Year,8470.0,32220,40690,32220,40690
104,Connecticut College,Yes,3035,1546,438,42,93,1630,232,18740,6300,600,500,86,95,10.7,40,14773,91,Connecticut College,Connecticut,CT,Private,4 Year,15150.0,54820,69970,54820,69970
105,Converse College,Yes,440,407,149,35,70,643,80,12050,3700,500,900,63,76,10.2,31,10965,75,Converse College,South Carolina,SC,Private,4 Year,10930.0,18690,29620,18690,29620
106,Cornell College,Yes,1538,1329,383,33,68,1140,10,15248,4323,550,800,71,76,12.2,31,10340,64,Cornell College,Iowa,IA,Private,4 Year,9384.0,42299,51683,42299,51683
107,Creighton University,Yes,2967,2836,876,30,60,3450,644,10628,4372,650,2055,85,90,6.5,32,22906,85,Creighton University,Nebraska,NE,Private,4 Year,11036.0,39916,50952,39916,50952
108,Culver-Stockton College,Yes,1576,1110,274,24,55,992,112,8000,3700,400,500,51,52,14.1,28,5807,51,Culver-Stockton College,Missouri,MO,Private,4 Year,8520.0,26680,35200,26680,35200
109,D'Youville College,Yes,866,619,157,18,47,1074,336,8920,4310,680,1320,68,68,14.6,42,6898,46,D'Youville College,New York,NY,Private,4 Year,12224.0,26750,38974,26750,38974
110,Dartmouth College,Yes,8587,2273,1087,87,99,3918,32,19545,6070,550,1100,95,99,4.7,49,29619,98,Dartmouth College,New Hampshire,NH,Private,4 Year,15756.0,55453,71209,55453,71209
111,Davidson College,Yes,2373,956,452,77,96,1601,6,17295,5070,600,1011,95,97,12.0,46,17581,94,Davidson College,North Carolina,NC,Private,4 Year,14372.0,51447,65819,51447,65819
112,Defiance College,Yes,571,461,174,10,26,645,283,10850,3670,400,1159,58,60,12.8,19,7505,56,Defiance College,Ohio,OH,Private,4 Year,10220.0,32730,42950,32730,42950
113,Delta State University,No,967,945,459,15,48,2806,538,4528,1880,500,1200,49,63,17.1,16,5113,58,Delta State University,Mississippi,MS,Public,4 Year,7722.0,7246,14968,7246,14968
114,Denison University,Yes,2762,2279,533,32,60,1835,14,16900,4720,500,600,88,97,11.6,45,12423,81,Denison University,Ohio,OH,Private,4 Year,12710.0,51960,64670,51960,64670
115,DePauw University,Yes,1994,1656,495,50,80,1983,36,14300,5020,550,950,78,94,11.1,31,11525,82,DePauw University,Indiana,IN,Private,4 Year,13020.0,49704,62724,49704,62724
116,Dickinson College,Yes,3014,2539,487,31,68,1889,62,18700,5000,595,1250,87,94,11.2,39,13861,87,Dickinson College,Pennsylvania,PA,Private,4 Year,13698.0,54661,68359,54661,68359
117,Dickinson State University,No,434,412,319,10,30,1376,237,4486,2146,600,2000,50,64,16.5,28,4525,46,Dickinson State University,North Dakota,ND,Public,4 Year,6898.0,6765,13663,9544,16442
118,Dillard University,Yes,1998,1376,651,41,88,1539,45,6700,3650,500,2307,52,52,14.1,12,7566,61,Dillard University,Louisiana,LA,Private,4 Year,10100.0,18099,28199,18099,28199
119,Dominican College of Blauvelt,Yes,360,329,108,4,19,756,863,8310,5500,600,1800,43,43,12.7,5,5480,54,Dominican College of Blauvelt,New York,NY,Private,4 Year,13150.0,29000,42150,29000,42150
120,Dordt College,Yes,604,562,328,25,50,1048,56,9800,2650,450,2800,61,60,12.5,17,7325,87,Dordt College,Iowa,IA,Private,4 Year,9590.0,30870,40460,30870,40460
121,Drake University,Yes,2799,2573,839,34,65,3322,726,13420,4770,560,1675,88,93,15.0,24,9473,77,Drake University,Iowa,IA,Private,4 Year,10528.0,41396,51924,41396,51924
122,Drew University,Yes,2153,1580,321,56,84,1192,87,18432,5616,520,660,93,97,10.2,28,14907,83,Drew University,New Jersey,NJ,Private,4 Year,14108.0,39500,53608,39500,53608
123,Duke University,Yes,13789,3893,1583,90,98,6188,53,18590,5950,625,1162,95,96,5.0,44,27206,97,Duke University,North Carolina,NC,Private,4 Year,15178.0,55695,70873,55695,70873
124,Earlham College,Yes,1358,1006,274,35,63,1028,13,15036,4056,600,600,90,94,10.6,46,14634,78,Earlham College,Indiana,IN,Private,4 Year,10400.0,46450,56850,46450,56850
125,East Carolina University,No,9274,6362,2435,14,44,13171,1687,7248,3240,500,1700,74,78,13.2,18,9002,58,East Carolina University,North Carolina,NC,Public,4 Year,9606.0,7188,16794,23465,33071
126,East Tennessee State University,No,3330,2730,1303,15,36,6706,2640,5800,3000,600,2200,73,75,14.0,9,9825,42,East Tennessee State University,Tennessee,TN,Public,4 Year,8472.0,9277,17749,28459,36931
127,East Texas Baptist University,Yes,379,341,265,10,36,1050,151,4950,2780,530,1500,62,62,15.7,7,5619,38,East Texas Baptist University,Texas,TX,Private,4 Year,9079.0,26370,35449,26370,35449
128,Eastern Connecticut State University,No,2172,1493,564,14,50,2766,1531,5962,4316,650,500,71,76,16.9,14,5719,50,Eastern Connecticut State University,Connecticut,CT,Public,4 Year,13560.0,11356,24916,22596,36156
129,Eastern Illinois University,No,5597,4253,1565,12,38,9161,845,5710,3066,120,1730,62,71,16.2,5,5682,76,Eastern Illinois University,Illinois,IL,Public,4 Year,9882.0,11803,21685,14023,23905
130,Eastern Nazarene College,Yes,516,409,200,17,40,1238,30,8770,3500,450,700,58,58,17.3,17,6430,70,Eastern Nazarene College,Massachusetts,MA,Private,4 Year,9624.0,25598,35222,25598,35222
131,Eckerd College,Yes,1422,1109,366,33,65,1363,23,15360,4080,600,1000,82,89,12.8,26,15003,59,Eckerd College,Florida,FL,Private,4 Year,12588.0,44540,57128,44540,57128
132,Elizabethtown College,Yes,2417,1843,426,36,70,1476,299,14190,4400,500,750,65,68,12.8,25,9815,81,Elizabethtown College,Pennsylvania,PA,Private,4 Year,11370.0,46940,58310,46940,58310
133,Elmira College,Yes,1457,1045,345,27,50,1109,502,14990,4980,450,550,77,98,21.5,21,7502,64,Elmira College,New York,NY,Private,4 Year,12000.0,41900,53900,41900,53900
134,Elms College,Yes,245,208,125,23,46,544,436,11800,4765,450,1700,71,71,11.3,21,8952,86,Elms College,Massachusetts,MA,Private,4 Year,13108.0,35788,48896,35788,48896
135,Emory & Henry College,Yes,765,646,226,30,60,809,32,8578,4408,700,1600,79,88,13.9,51,8061,82,Emory & Henry College,Virginia,VA,Private,4 Year,12100.0,35135,47235,35135,47235
136,Emory University,Yes,8506,4168,1236,76,97,5544,192,17600,6000,600,870,97,98,5.0,28,28457,96,Emory University,Georgia,GA,Private,4 Year,14456.0,51306,65762,51306,65762
137,Emporia State University,No,1256,1256,853,43,79,3957,588,5401,3144,450,1888,72,75,19.3,4,5527,50,Emporia State University,Kansas,KS,Public,4 Year,8912.0,6758,15670,20675,29587
138,Erskine College,Yes,659,557,167,47,74,532,35,10485,3840,475,1246,76,80,13.5,47,7527,67,Erskine College,South Carolina,SC,Private,4 Year,10900.0,34560,45460,34560,45460
139,Eureka College,Yes,560,454,113,36,56,484,16,10955,3450,330,670,62,87,10.6,31,9552,53,Eureka College,Illinois,IL,Private,4 Year,9620.0,25390,35010,25390,35010
140,Evergreen State College,No,1801,1101,438,14,50,3065,363,6297,4600,600,1323,75,78,18.1,14,8355,68,Evergreen State College,Washington,WA,Public,4 Year,11346.0,7949,19295,26459,37805
141,Fairfield University,Yes,4784,3346,781,30,66,2984,1037,15000,6200,700,1100,86,90,15.1,30,11220,94,Fairfield University,Connecticut,CT,Private,4 Year,14710.0,48350,63060,48350,63060
142,Fayetteville State University,No,1455,1064,452,1,16,2632,617,6806,2550,350,766,75,75,15.1,10,6972,24,Fayetteville State University,North Carolina,NC,Public,4 Year,8236.0,4915,13151,16523,24759
143,Ferrum College,Yes,1339,1107,336,12,36,1051,82,9400,4200,500,1600,53,58,12.5,9,7967,22,Ferrum College,Virginia,VA,Private,4 Year,11500.0,34175,45675,34175,45675
144,Flagler College,Yes,1415,714,338,18,52,1345,44,5120,3200,500,2140,52,60,18.1,9,3930,69,Flagler College,Florida,FL,Private,4 Year,11340.0,18950,30290,18950,30290
145,Florida Institute of Technology,Yes,1947,1580,523,39,74,1863,233,13900,4140,750,1500,90,90,10.6,7,8923,57,Florida Institute of Technology,Florida,FL,Private,4 Year,12880.0,41850,54730,41850,54730
146,Florida International University,No,3306,2079,1071,42,89,10208,9310,6597,2494,800,3028,81,96,13.9,20,6722,66,Florida International University,Florida,FL,Public,4 Year,10882.0,6558,17440,18956,29838
147,Florida Southern College,Yes,1381,1040,374,20,44,1506,970,8025,4865,400,650,65,74,17.4,10,6339,68,Florida Southern College,Florida,FL,Private,4 Year,11650.0,36348,47998,36348,47998
148,Florida State University,No,11651,8683,3023,50,90,18906,3242,6680,4060,600,1020,80,89,23.1,15,7250,58,Florida State University,Florida,FL,Public,4 Year,10816.0,6516,17332,21683,32499
149,Fordham University,Yes,4200,2874,942,30,55,4740,1646,14235,6965,600,1735,86,97,14.4,14,10864,80,Fordham University,New York,NY,Private,4 Year,17969.0,52687,70656,52687,70656
150,Fort Lewis College,No,3440,2823,1123,16,35,3793,486,6198,3320,500,2500,89,97,19.1,6,4362,46,Fort Lewis College,Colorado,CO,Public,4 Year,9878.0,9040,18918,19696,29574
151,Francis Marion University,No,1801,1655,819,13,38,3224,436,5840,3138,400,2430,76,76,19.1,8,5039,43,Francis Marion University,South Carolina,SC,Public,4 Year,7948.0,11160,19108,21544,29492
152,Franciscan University of Steubenville,Yes,553,452,228,22,49,1301,242,9650,4400,600,1000,57,69,14.9,8,6336,83,Franciscan University of Steubenville,Ohio,OH,Private,4 Year,8500.0,27630,36130,27630,36130
153,Franklin College,Yes,804,632,281,29,72,840,68,10390,4040,525,1345,54,78,12.5,37,11751,60,Franklin College,Indiana,IN,Private,4 Year,9946.0,32010,41956,32010,41956
154,Freed-Hardeman University,Yes,895,548,314,20,54,1174,50,5500,3340,600,1600,68,76,16.1,13,6078,62,Freed-Hardeman University,Tennessee,TN,Private,4 Year,8260.0,21950,30210,21950,30210
155,Furman University,Yes,2161,1951,685,56,82,2371,175,13440,4048,600,1250,92,95,13.5,28,12940,82,Furman University,South Carolina,SC,Private,4 Year,12712.0,49532,62244,49532,62244
156,Gannon University,Yes,2464,1908,678,24,57,2693,691,10970,4280,500,1380,47,51,13.3,18,7711,65,Gannon University,Pennsylvania,PA,Private,4 Year,12650.0,32136,44786,32136,44786
157,Geneva College,Yes,668,534,237,19,39,1306,258,9476,4820,500,1100,67,67,20.1,26,6786,74,Geneva College,Pennsylvania,PA,Private,4 Year,10170.0,26730,36900,26730,36900
158,George Mason University,No,5653,4326,1727,17,29,9528,3822,10800,4840,580,1050,93,96,19.3,7,6751,46,George Mason University,Virginia,VA,Public,4 Year,11460.0,12462,23922,35922,47382
160,Georgetown College,Yes,727,693,286,30,55,1063,48,8100,3950,550,550,73,76,13.3,28,7508,55,Georgetown College,Kentucky,KY,Private,4 Year,9780.0,38650,48430,38650,48430
162,Georgia Institute of Technology,No,7837,4527,2276,89,99,8528,654,6489,4438,795,1164,92,92,19.3,33,11271,70,Georgia Institute of Technology,Georgia,GA,Public,4 Year,11884.0,12424,24308,33020,44904
163,Georgia State University,No,3793,2341,1238,9,24,7732,9054,6744,2655,720,3450,87,89,19.0,10,7762,34,Georgia State University,Georgia,GA,Public,4 Year,11378.0,10858,22236,29432,40810
164,Gettysburg College,Yes,3596,2466,575,42,78,1944,46,19964,4328,500,500,94,95,12.1,32,14720,83,Gettysburg College,Pennsylvania,PA,Private,4 Year,13010.0,54480,67490,54480,67490
165,Gonzaga University,Yes,1886,1524,526,31,67,2523,296,13000,4450,600,2400,78,90,14.7,32,9553,69,Gonzaga University,Washington,WA,Private,4 Year,11944.0,43210,55154,43210,55154
166,Gordon College,Yes,674,565,282,25,54,1151,39,12200,4070,400,1200,73,82,14.2,32,9226,66,Gordon College,Massachusetts,MA,Private,4 Year,11070.0,37400,48470,37400,48470
167,Goshen College,Yes,440,396,221,26,51,910,166,9420,3730,600,1230,51,56,9.9,46,10270,72,Goshen College,Indiana,IN,Private,4 Year,10650.0,33700,44350,33700,44350
168,Goucher College,Yes,1151,813,248,40,64,850,80,15588,6174,500,1200,78,90,9.2,34,16623,77,Goucher College,Maryland,MD,Private,4 Year,14506.0,44300,58806,44300,58806
169,Grand Valley State University,No,5165,3887,1561,20,60,8234,2619,6108,3800,500,1000,64,66,20.6,9,5063,57,Grand Valley State University,Michigan,MI,Public,4 Year,8690.0,12484,21174,17762,26452
170,Green Mountain College,Yes,780,628,198,7,20,545,42,11750,2700,400,850,77,83,14.0,24,6475,76,Green Mountain College,Vermont,VT,Private,4 Year,11722.0,37002,48724,37002,48724
171,Greensboro College,Yes,608,494,176,10,31,649,314,8330,3770,550,1300,64,80,13.0,31,7949,39,Greensboro College,North Carolina,NC,Private,4 Year,10800.0,29140,39940,29140,39940
172,Grinnell College,Yes,2039,1389,432,56,91,1333,30,15688,4618,400,400,88,92,9.5,54,18979,83,Grinnell College,Iowa,IA,Private,4 Year,12810.0,52392,65202,52392,65202
173,Grove City College,Yes,2491,1110,573,57,88,2213,35,5224,3048,525,350,65,65,18.4,18,4957,100,Grove City College,Pennsylvania,PA,Private,4 Year,9770.0,17930,27700,17930,27700
174,Guilford College,Yes,1202,1054,326,18,44,1410,299,13404,5160,450,1050,78,86,15.6,30,9114,65,Guilford College,North Carolina,NC,Private,4 Year,11200.0,38250,49450,38250,49450
175,Gustavus Adolphus College,Yes,1709,1385,634,36,72,2281,50,14125,3600,400,700,79,89,12.5,58,9907,80,Gustavus Adolphus College,Minnesota,MN,Private,4 Year,9910.0,45400,55310,45400,55310
176,Hamilton College,Yes,3140,1783,454,40,82,1646,24,19700,5050,300,800,91,96,9.6,60,17761,91,Hamilton College,New York,NY,Private,4 Year,13870.0,54620,68490,54620,68490
177,Hamline University,Yes,1006,825,328,34,73,1362,102,13252,4194,450,550,89,93,13.0,33,10296,65,Hamline University,Minnesota,MN,Private,4 Year,10358.0,41298,51656,41298,51656
178,Hampton University,Yes,7178,3755,1433,25,63,4623,740,7161,3518,600,2000,60,64,14.0,9,6791,70,Hampton University,Virginia,VA,Private,4 Year,11778.0,26702,38480,26702,38480
179,Hanover College,Yes,1006,837,317,33,65,1024,15,8200,3485,500,1200,84,84,10.6,26,9248,64,Hanover College,Indiana,IN,Private,4 Year,11580.0,37670,49250,37670,49250
180,Hardin-Simmons University,Yes,467,424,350,16,40,1365,334,6300,2980,700,2140,75,79,13.7,10,7054,38,Hardin-Simmons University,Texas,TX,Private,4 Year,8080.0,28990,37070,28990,37070
181,Harding University,Yes,1721,1068,806,35,75,3128,213,5504,3528,700,910,71,77,17.7,37,6466,73,Harding University,Arkansas,AR,Private,4 Year,7044.0,20135,27179,20135,27179
182,Hartwick College,Yes,2083,1725,430,22,49,1464,67,17480,4780,500,700,75,87,12.3,32,11625,73,Hartwick College,New York,NY,Private,4 Year,12460.0,45510,57970,45510,57970
183,Harvey Mudd College,Yes,1377,572,178,95,100,654,5,17230,6690,700,900,100,100,8.2,46,21569,100,Harvey Mudd College,California,CA,Private,4 Year,18127.0,56876,75003,56876,75003
184,Hastings College,Yes,817,708,262,22,52,935,37,9376,3272,500,1902,57,63,13.0,17,7335,52,Hastings College,Nebraska,NE,Private,4 Year,9700.0,30050,39750,30050,39750
185,Hendrix College,Yes,823,721,274,52,87,954,6,8800,3195,500,1200,82,99,13.1,26,8588,63,Hendrix College,Arkansas,AR,Private,4 Year,12284.0,45790,58074,45790,58074
186,Hillsdale College,Yes,920,745,347,35,66,1133,42,11090,4700,400,750,80,80,12.0,31,12639,79,Hillsdale College,Michigan,MI,Private,4 Year,11000.0,27577,38577,27577,38577
187,Hiram College,Yes,922,729,244,37,66,1000,275,14067,4560,400,1000,75,95,10.6,34,12165,79,Hiram College,Ohio,OH,Private,4 Year,10290.0,34300,44590,34300,44590
188,Hobart and William Smith Colleges,Yes,2688,2081,500,25,53,1792,5,19029,5841,600,600,99,99,12.1,37,13040,79,Hobart and William Smith Colleges,New York,NY,Private,4 Year,14785.0,55255,70040,55255,70040
189,Hofstra University,Yes,7428,5860,1349,25,63,6534,1350,11600,5920,1000,1000,81,90,13.9,10,10093,60,Hofstra University,New York,NY,Private,4 Year,15948.0,46760,62708,46760,62708
190,Hood College,Yes,699,565,176,36,64,710,399,13960,6040,450,690,82,88,14.4,34,12434,72,Hood College,Maryland,MD,Private,4 Year,12700.0,39492,52192,39492,52192
191,Hope College,Yes,1712,1483,624,37,69,2505,208,12275,4341,465,1100,72,81,12.5,40,9284,72,Hope College,Michigan,MI,Private,4 Year,10310.0,34010,44320,34010,44320
192,Houghton College,Yes,949,786,302,30,70,1210,26,9990,3550,500,1500,85,90,15.0,24,8187,67,Houghton College,New York,NY,Private,4 Year,9288.0,32488,41776,32488,41776
193,Huntingdon College,Yes,608,520,127,26,47,538,126,8080,3920,500,1100,63,72,11.4,9,7703,44,Huntingdon College,Alabama,AL,Private,4 Year,9750.0,27400,37150,27400,37150
194,Illinois College,Yes,894,787,262,28,63,909,28,8050,3850,600,1000,75,75,15.6,30,7348,52,Illinois College,Illinois,IL,Private,4 Year,9280.0,33090,42370,33090,42370
195,Illinois Institute of Technology,Yes,1756,1360,478,42,77,1911,626,14550,4620,500,700,80,88,12.3,26,12851,56,Illinois Institute of Technology,Illinois,IL,Private,4 Year,12762.0,47296,60058,47296,60058
196,Illinois State University,No,8681,6695,2408,10,35,15701,1823,7799,3403,537,2605,77,84,21.0,16,5569,54,Illinois State University,Illinois,IL,Public,4 Year,9850.0,14516,24366,26040,35890
197,Illinois Wesleyan University,Yes,3050,1342,471,55,86,1818,23,14360,4090,400,650,77,92,12.9,34,9605,83,Illinois Wesleyan University,Illinois,IL,Private,4 Year,10984.0,47636,58620,47636,58620
198,Indiana State University,No,5659,4761,3147,10,31,8596,1949,6892,3706,600,2500,72,76,16.6,8,6996,40,Indiana State University,Indiana,IN,Public,4 Year,10590.0,9090,19680,19836,30426
199,Indiana Wesleyan University,Yes,735,423,366,20,48,2448,707,9210,3782,700,1000,49,51,39.8,15,6562,34,Indiana Wesleyan University,Indiana,IN,Private,4 Year,8312.0,25980,34292,25980,34292
200,Iona College,Yes,4892,3530,913,13,33,3906,1446,10690,6790,570,1150,66,83,16.0,14,8107,66,Iona College,New York,NY,Private,4 Year,15278.0,38812,54090,38812,54090
201,Iowa State University,No,8427,7424,3441,26,59,18676,1715,7550,3224,640,2055,81,88,19.2,22,8420,65,Iowa State University,Iowa,IA,Public,4 Year,8720.0,8988,17708,23392,32112
202,Ithaca College,Yes,7259,5526,1368,23,52,5612,166,14424,6192,634,1000,58,79,11.5,25,9812,75,Ithaca College,New York,NY,Private,4 Year,15562.0,43978,59540,43978,59540
203,James Madison University,No,11223,5285,2082,32,72,9652,742,7994,4544,500,732,77,81,17.9,29,5212,98,James Madison University,Virginia,VA,Public,4 Year,10092.0,12016,22108,28416,38508
204,John Brown University,Yes,605,405,284,24,53,961,99,6398,3672,400,1350,68,68,13.3,19,8118,75,John Brown University,Arkansas,AR,Private,4 Year,9224.0,26928,36152,26928,36152
205,John Carroll University,Yes,2421,2109,820,27,57,3168,392,11700,5550,600,450,89,90,14.5,28,7738,89,John Carroll University,Ohio,OH,Private,4 Year,11874.0,41340,53214,41340,53214
206,Johns Hopkins University,Yes,8474,3446,911,75,94,3566,1569,18800,6740,500,1040,96,97,3.3,38,56233,90,Johns Hopkins University,Maryland,MD,Private,4 Year,15836.0,54240,70076,54240,70076
207,Judson College,Yes,313,228,137,10,30,552,67,9414,4554,500,1700,34,55,10.6,30,7840,56,Judson College,Alabama,AL,Private,4 Year,10590.0,18510,29100,18510,29100
208,Juniata College,Yes,1005,859,298,36,55,1075,43,14850,4460,450,420,97,97,12.7,37,12067,80,Juniata College,Pennsylvania,PA,Private,4 Year,12521.0,45597,58118,45597,58118
209,Kansas State University,No,5880,4075,2833,25,55,14914,2246,6995,3120,600,2000,76,86,18.5,22,6122,54,Kansas State University,Kansas,KS,Public,4 Year,9680.0,10263,19943,25767,35447
210,Kansas Wesleyan University,Yes,589,575,148,16,40,474,258,8400,3250,500,1400,63,55,12.4,14,6535,68,Kansas Wesleyan University,Kansas,KS,Private,4 Year,9500.0,29500,39000,29500,39000
211,Keene State College,No,3121,2446,822,5,19,3480,776,7870,4157,500,1150,73,73,16.1,13,6195,61,Keene State College,New Hampshire,NH,Public,4 Year,11026.0,14212,25238,23176,34202
212,Kentucky Wesleyan College,Yes,584,497,175,20,49,662,121,8000,4150,500,1300,57,65,11.3,32,7058,62,Kentucky Wesleyan College,Kentucky,KY,Private,4 Year,9764.0,26440,36204,26440,36204
213,Kenyon College,Yes,2212,1538,408,44,75,1445,1,19240,3690,750,480,95,95,11.1,46,14067,88,Kenyon College,Ohio,OH,Private,4 Year,12510.0,55930,68440,55930,68440
214,Keuka College,Yes,461,381,174,10,43,738,55,9600,4550,600,750,55,94,13.3,43,7863,51,Keuka College,New York,NY,Private,4 Year,11906.0,32093,43999,32093,43999
215,King's College,Yes,1456,1053,381,20,45,500,541,10910,5160,400,1795,66,72,15.6,37,7649,87,King's College,Pennsylvania,PA,Private,4 Year,12940.0,37226,50166,37226,50166
216,Knox College,Yes,1040,845,286,48,77,967,24,15747,4062,400,800,88,95,12.7,33,13224,79,Knox College,Illinois,IL,Private,4 Year,9870.0,46554,56424,46554,56424
217,La Roche College,Yes,361,321,185,10,41,650,819,8842,4782,600,1100,57,73,14.2,14,7022,52,La Roche College,Pennsylvania,PA,Private,4 Year,11556.0,28564,40120,28564,40120
218,La Salle University,Yes,2929,1834,622,20,56,2738,1662,12600,5610,450,3160,90,90,15.1,9,9084,84,La Salle University,Pennsylvania,PA,Private,4 Year,15080.0,30560,45640,30560,45640
219,Lafayette College,Yes,4010,2402,572,36,59,2018,226,18730,5740,600,1000,93,96,10.5,38,15365,92,Lafayette College,Pennsylvania,PA,Private,4 Year,15640.0,52880,68520,52880,68520
220,LaGrange College,Yes,544,399,177,15,35,600,363,6987,3585,750,1500,77,83,12.5,12,9067,75,LaGrange College,Georgia,GA,Private,4 Year,11630.0,30470,42100,30470,42100
221,Lake Forest College,Yes,979,638,271,31,70,968,20,16880,3970,920,1320,91,94,10.7,19,15687,77,Lake Forest College,Illinois,IL,Private,4 Year,10390.0,47064,57454,47064,57454
222,Lamar University,No,2336,1725,1043,10,27,5438,4058,4752,3040,508,1463,48,82,18.4,12,5879,26,Lamar University,Texas,TX,Public,4 Year,8920.0,10192,19112,22642,31562
223,Lander University,No,1166,1009,510,9,33,2074,341,4938,2987,528,1702,67,77,17.0,11,6119,51,Lander University,South Carolina,SC,Public,4 Year,9100.0,11700,20800,21300,30400
224,Lawrence University,Yes,1243,947,324,50,77,1129,74,17163,3891,525,975,76,92,10.1,57,13965,77,Lawrence University,Wisconsin,WI,Private,4 Year,10341.0,47475,57816,47475,57816
225,Le Moyne College,Yes,1470,1199,425,21,76,1820,558,11040,4840,400,900,89,92,13.3,28,8118,94,Le Moyne College,New York,NY,Private,4 Year,13780.0,34625,48405,34625,48405
226,Lebanon Valley College,Yes,1386,1060,320,28,56,965,502,13850,4755,400,1125,84,84,12.3,30,8196,85,Lebanon Valley College,Pennsylvania,PA,Private,4 Year,11860.0,43650,55510,43650,55510
227,Lehigh University,Yes,6397,4304,1092,40,84,4298,132,18700,5580,750,1130,96,99,12.5,43,14665,91,Lehigh University,Pennsylvania,PA,Private,4 Year,13600.0,52930,66530,52930,66530
228,LeTourneau University,Yes,477,417,204,29,54,1532,77,8840,4240,600,1400,58,70,20.8,23,6863,56,LeTourneau University,Texas,TX,Private,4 Year,9970.0,30210,40180,30210,40180
229,Lewis University,Yes,1154,1050,395,12,31,2192,1423,10560,4520,500,1200,36,48,14.3,10,7701,61,Lewis University,Illinois,IL,Private,4 Year,10578.0,32450,43028,32450,43028
230,Lincoln Memorial University,Yes,787,562,363,21,55,925,605,5950,2890,600,1300,67,72,14.6,35,5177,53,Lincoln Memorial University,Tennessee,TN,Private,4 Year,8000.0,22010,30010,22010,30010
232,Lincoln University,No,1660,1091,326,15,41,1196,33,4818,3400,350,1400,71,72,12.6,8,10912,45,Lincoln University,Pennsylvania,PA,Public,4 Year,9588.0,11666,21254,16802,26390
233,Lincoln University,No,1660,1091,326,15,41,1196,33,4818,3400,350,1400,71,72,12.6,8,10912,45,Lincoln University,Missouri,MO,Public,4 Year,7068.0,7632,14700,14172,21240
234,Linfield College,Yes,1561,1188,458,48,72,1548,840,13380,4210,500,900,89,91,17.8,34,8747,81,Linfield College,Oregon,OR,Private,4 Year,12420.0,43232,55652,43232,55652
235,Livingstone College,Yes,900,473,217,22,47,621,11,4400,3400,800,900,53,93,10.4,16,9268,92,Livingstone College,North Carolina,NC,Private,4 Year,6794.0,18297,25091,18297,25091
236,Lock Haven University of Pennsylvania,No,3570,2215,651,17,41,3390,325,7352,3620,225,500,47,55,16.1,14,6374,63,Lock Haven University of Pennsylvania,Pennsylvania,PA,Public,4 Year,10368.0,10878,21246,20452,30820
237,Loras College,Yes,1641,1283,527,20,39,1663,170,11200,4000,500,1200,61,62,14.2,24,7578,70,Loras College,Iowa,IA,Private,4 Year,8275.0,34184,42459,34184,42459
238,Louisiana College,Yes,2013,1053,212,33,61,912,158,5150,3036,500,1655,64,74,10.5,11,7547,59,Louisiana College,Louisiana,LA,Private,4 Year,5618.0,17000,22618,17000,22618
239,Louisiana Tech University,No,2397,2144,1525,22,45,6720,1822,3957,2325,618,1656,66,77,20.0,13,4546,45,Louisiana Tech University,Louisiana,LA,Public,4 Year,6495.0,9645,16140,18558,25053
240,Loyola Marymount University,Yes,3768,2662,753,42,64,3558,436,13592,5916,545,1328,84,88,14.2,10,11677,84,Loyola Marymount University,California,CA,Private,4 Year,14490.0,48522,63012,48522,63012
241,Loyola University Chicago,Yes,3579,2959,868,25,55,5244,3417,11500,5330,700,2000,94,95,6.2,15,13009,65,Loyola University Chicago,Illinois,IL,Private,4 Year,14480.0,44048,58528,44048,58528
242,Luther College,Yes,1549,1392,587,38,72,2269,85,13240,3560,600,400,73,85,13.8,38,8949,77,Luther College,Iowa,IA,Private,4 Year,9460.0,42290,51750,42290,51750
243,Lycoming College,Yes,1286,1005,363,16,37,1363,74,13900,4300,500,900,75,81,14.0,32,8024,72,Lycoming College,Pennsylvania,PA,Private,4 Year,12568.0,40315,52883,40315,52883
244,Lyndon State College,No,535,502,223,6,20,959,150,7320,4640,500,600,48,65,12.6,15,7114,51,Lyndon State College,Vermont,VT,Public,4 Year,10598.0,12074,22672,25394,35992
245,Macalester College,Yes,2939,1496,452,56,86,1723,113,15909,4772,500,700,85,91,11.9,37,14213,77,Macalester College,Minnesota,MN,Private,4 Year,12156.0,54344,66500,54344,66500
246,MacMurray College,Yes,740,558,177,12,29,628,63,9620,3750,550,950,49,55,10.8,33,10642,59,MacMurray College,Illinois,IL,Private,4 Year,9440.0,27690,37130,27690,37130
247,Manhattan College,Yes,2432,1730,563,20,63,2578,254,12370,6800,500,1800,92,92,13.6,25,10062,79,Manhattan College,New York,NY,Private,4 Year,16200.0,43480,59680,43480,59680
248,Manhattanville College,Yes,962,750,212,21,54,830,150,14700,6550,450,400,97,97,11.3,24,11291,70,Manhattanville College,New York,NY,Private,4 Year,14520.0,38820,53340,38820,53340
249,Marietta College,Yes,1611,960,342,27,60,1089,210,13850,3920,470,810,80,97,13.2,30,10223,96,Marietta College,Ohio,OH,Private,4 Year,11320.0,36040,47360,36040,47360
250,Marist College,Yes,4731,3171,830,12,31,3557,658,10700,5925,550,1200,74,81,17.6,34,8408,69,Marist College,New York,NY,Private,4 Year,15550.0,39600,55150,39600,55150
251,Marquette University,Yes,5152,4600,1685,36,71,7016,804,11610,4760,600,1950,86,94,13.5,25,9982,77,Marquette University,Wisconsin,WI,Private,4 Year,12720.0,41870,54590,41870,54590
252,Marshall University,Yes,4226,3666,2007,14,60,7703,2339,5094,4010,700,1560,77,86,16.6,10,6203,50,Marshall University,West Virginia,WV,Public,4 Year,10450.0,8128,18578,18614,29064
253,Marymount Manhattan College,Yes,695,535,239,21,30,988,785,10200,7000,350,1100,63,76,11.7,20,10622,68,Marymount Manhattan College,New York,NY,Private,4 Year,16832.0,33778,50610,33778,50610
254,Marymount University,Yes,941,772,214,10,30,1247,776,11390,5280,500,750,77,82,10.6,17,8575,55,Marymount University,Virginia,VA,Private,4 Year,13190.0,31466,44656,31466,44656
255,Maryville College,Yes,1464,888,176,26,52,624,128,11200,4208,500,1642,80,90,11.1,43,8317,51,Maryville College,Tennessee,TN,Private,4 Year,11424.0,34880,46304,34880,46304
256,Massachusetts Institute of Technology,Yes,6411,2140,1078,96,99,4481,28,20100,5975,725,1600,99,99,10.1,35,33541,94,Massachusetts Institute of Technology,Massachusetts,MA,Private,4 Year,15510.0,51832,67342,51832,67342
257,Mayville State University,No,233,233,153,5,12,658,58,4486,2516,600,1900,68,68,15.7,11,6971,51,Mayville State University,North Dakota,ND,Public,4 Year,7840.0,6666,14506,9399,17239
258,McMurry University,Yes,578,411,187,25,50,880,477,6930,3452,400,1525,57,64,11.0,11,6383,32,McMurry University,Texas,TX,Private,4 Year,8602.0,27244,35846,27244,35846
259,McPherson College,Yes,420,293,93,11,32,336,80,7950,3750,600,2740,54,54,9.8,45,9754,48,McPherson College,Kansas,KS,Private,4 Year,8788.0,28951,37739,28951,37739
260,Mercer University,Yes,2286,1668,564,37,70,2943,1260,11985,4081,400,1500,93,95,9.2,15,8995,91,Mercer University,Georgia,GA,Private,4 Year,11616.0,36894,48510,36894,48510
261,Meredith College,Yes,857,772,376,25,58,1721,470,6720,3250,450,1520,77,82,13.9,33,6881,82,Meredith College,North Carolina,NC,Private,4 Year,10930.0,37176,48106,37176,48106
262,Merrimack College,Yes,1981,1541,514,18,36,1927,1084,12500,6200,375,1000,73,75,16.8,22,8707,80,Merrimack College,Massachusetts,MA,Private,4 Year,15845.0,41760,57605,41760,57605
263,Messiah College,Yes,1742,1382,607,30,64,2258,53,10300,5080,475,1200,68,75,14.1,30,7762,89,Messiah College,Pennsylvania,PA,Private,4 Year,10520.0,35160,45680,35160,45680
264,Michigan State University,No,18114,15096,6180,23,57,26640,4120,10658,3734,504,600,93,95,14.0,9,10520,71,Michigan State University,Michigan,MI,Public,4 Year,10322.0,14460,24782,39765,50087
265,Michigan Technological University,No,2618,2288,1032,42,77,5524,414,8127,3978,900,1200,82,82,17.0,25,7473,65,Michigan Technological University,Michigan,MI,Public,4 Year,10756.0,15646,26402,33726,44482
266,Milligan College,Yes,610,461,189,26,52,685,49,8200,3300,550,1000,63,69,12.0,16,8128,64,Milligan College,Tennessee,TN,Private,4 Year,7100.0,33700,40800,33700,40800
267,Millikin University,Yes,1444,1261,456,29,62,1788,95,11910,4378,450,965,60,77,11.4,25,8149,75,Millikin University,Illinois,IL,Private,4 Year,11818.0,35102,46920,35102,46920
268,Millsaps College,Yes,905,834,319,32,61,1073,179,11320,4402,550,1350,82,89,12.7,38,11218,58,Millsaps College,Mississippi,MS,Private,4 Year,13730.0,39910,53640,39910,53640
269,Milwaukee School of Engineering,Yes,1217,1088,496,36,69,1773,884,11505,3255,1000,2075,35,46,16.7,23,7140,67,Milwaukee School of Engineering,Wisconsin,WI,Private,4 Year,10389.0,40749,51138,40749,51138
270,Mississippi College,Yes,594,385,307,36,57,1695,721,5580,2830,600,700,77,79,16.5,18,6170,61,Mississippi College,Mississippi,MS,Private,4 Year,10300.0,18026,28326,18026,28326
271,Mississippi State University,No,4255,3277,1609,18,57,10094,1621,9866,3084,480,1479,77,77,15.9,20,6223,53,Mississippi State University,Mississippi,MS,Public,4 Year,10090.0,8760,18850,23360,33450
272,Mississippi University for Women,No,480,405,380,19,46,1673,1014,4386,2217,600,1500,49,54,15.8,8,5704,63,Mississippi University for Women,Mississippi,MS,Public,4 Year,7424.0,7040,14464,7040,14464
273,Missouri Valley College,Yes,1310,983,316,5,35,1057,175,8550,5050,400,900,35,67,17.4,16,4333,27,Missouri Valley College,Missouri,MO,Private,4 Year,9150.0,20600,29750,20600,29750
274,Monmouth College,Yes,2707,1881,478,14,34,1893,847,12480,5290,530,1740,70,85,14.2,15,9492,54,Monmouth College,Illinois,IL,Private,4 Year,8966.0,37674,46640,37674,46640
275,Montana State University,No,3500,2836,1779,15,42,8730,993,5552,3710,550,2300,75,83,17.6,8,6324,37,Montana State University,Montana,MT,Public,4 Year,10100.0,7421,17521,24849,34949
276,Montclair State University,No,5220,2128,865,19,53,6411,3186,3648,4834,700,950,82,87,21.5,9,6717,58,Montclair State University,New Jersey,NJ,Public,4 Year,15564.0,12790,28354,20578,36142
277,Moravian College,Yes,1232,955,303,23,58,1241,485,14990,4730,550,1250,86,92,15.2,28,9566,74,Moravian College,Pennsylvania,PA,Private,4 Year,13378.0,43636,57014,43636,57014
278,Morehouse College,Yes,3708,1678,722,41,66,2852,153,7050,5490,250,600,71,74,17.8,10,8122,83,Morehouse College,Georgia,GA,Private,4 Year,13438.0,27574,41012,27574,41012
279,Morningside College,Yes,586,533,239,16,36,950,228,10520,3678,500,1000,48,68,13.0,32,8111,56,Morningside College,Iowa,IA,Private,4 Year,9610.0,31530,41140,31530,41140
280,Morris College,Yes,882,730,330,2,13,926,12,4515,2550,850,2100,53,60,18.6,34,6990,60,Morris College,South Carolina,SC,Private,4 Year,6033.0,13886,19919,13886,19919
281,Mount Holyoke College,Yes,1800,1314,526,47,79,1891,40,19300,5700,750,750,79,91,9.0,51,18359,84,Mount Holyoke College,Massachusetts,MA,Private,4 Year,14660.0,49998,64658,49998,64658
282,Mount Marty College,Yes,279,276,126,17,37,600,435,6844,2980,500,500,45,55,11.7,38,5073,44,Mount Marty College,South Dakota,SD,Private,4 Year,7986.0,27276,35262,27276,35262
283,Mount Saint Mary College,Yes,1170,695,238,14,48,1170,429,7470,4600,250,1400,74,75,15.3,23,6898,88,Mount Saint Mary College,New York,NY,Private,4 Year,15108.0,31118,46226,31118,46226
284,Muhlenberg College,Yes,2519,1836,462,30,61,1656,352,16975,4565,600,850,76,86,12.8,39,10888,83,Muhlenberg College,Pennsylvania,PA,Private,4 Year,11765.0,52595,64360,52595,64360
285,Murray State University,No,2225,1910,1190,29,55,5968,955,4738,3110,700,940,72,76,20.2,27,5972,52,Murray State University,Kentucky,KY,Public,4 Year,9190.0,9084,18274,24540,33730
287,New Jersey Institute of Technology,No,1879,1216,483,27,62,3311,1646,8832,5376,700,1850,92,98,13.5,19,12529,72,New Jersey Institute of Technology,New Jersey,NJ,Public,4 Year,13600.0,17338,30938,32750,46350
288,New York University,Yes,13594,7244,2505,70,86,12408,2814,17748,7262,450,1000,87,98,7.8,16,21227,71,New York University,New York,NY,Private,4 Year,18156.0,51828,69984,51828,69984
289,Newberry College,Yes,872,722,154,14,36,601,36,10194,2600,500,1500,57,63,11.4,32,5788,83,Newberry College,South Carolina,SC,Private,4 Year,10666.0,26424,37090,26424,37090
290,Niagara University,Yes,2220,1796,467,65,99,1919,334,10320,4762,450,650,68,100,14.2,20,7788,65,Niagara University,New York,NY,Private,4 Year,13200.0,33180,46380,33180,46380
291,North Carolina Wesleyan College,Yes,812,689,195,7,24,646,84,8242,4230,600,1295,77,77,12.7,11,10090,52,North Carolina Wesleyan College,North Carolina,NC,Private,4 Year,10800.0,31000,41800,31000,41800
292,North Central College,Yes,1127,884,308,30,64,1310,766,11718,7398,450,1800,73,87,16.4,33,8871,76,North Central College,Illinois,IL,Private,4 Year,11019.0,38880,49899,38880,49899
293,North Dakota State University,No,2968,2297,1610,13,47,7368,1128,5834,2744,600,2000,79,83,17.0,24,6310,42,North Dakota State University,North Dakota,ND,Public,4 Year,8565.0,9294,17859,13273,21838
294,Northeastern University,Yes,11901,8492,2517,16,42,11160,10221,13380,7425,600,1750,73,82,12.9,17,9563,46,Northeastern University,Massachusetts,MA,Private,4 Year,16880.0,51387,68267,51387,68267
295,Northern Arizona University,No,5891,4931,1973,23,48,11249,2682,6746,3728,620,2342,78,83,21.7,7,6157,41,Northern Arizona University,Arizona,AZ,Public,4 Year,10282.0,11564,21846,25828,36110
296,Northern Illinois University,No,10706,7219,2397,12,37,14826,1979,7799,3296,470,1750,73,78,17.3,11,6086,56,Northern Illinois University,Illinois,IL,Public,4 Year,10880.0,12262,23142,12262,23142
297,Northwest Missouri State University,No,2729,2535,1257,8,29,4787,472,3735,3136,250,1630,62,65,21.7,23,5284,54,Northwest Missouri State University,Missouri,MO,Public,4 Year,10016.0,9805,19821,16457,26473
298,Northwestern College,Yes,860,811,366,22,56,1040,52,9900,3075,300,1800,68,68,14.9,34,6357,68,Northwestern College,Iowa,IA,Private,4 Year,9200.0,31100,40300,31100,40300
299,Northwestern College,Yes,860,811,366,22,56,1040,52,9900,3075,300,1800,68,68,14.9,34,6357,68,Northwestern College,Illinois,IL,For Profit,2 Year,12402.0,18485,30887,18485,30887
300,Northwestern University,Yes,12289,5200,1902,85,98,7450,45,16404,5520,759,1585,96,100,6.8,25,26385,92,Northwestern University,Illinois,IL,Private,4 Year,16626.0,54567,71193,54567,71193
301,Norwich University,Yes,1743,1625,626,8,29,1862,382,14134,5270,500,800,71,74,13.1,22,9209,63,Norwich University,Vermont,VT,Private,4 Year,13840.0,40016,53856,40016,53856
302,Notre Dame College,Yes,379,324,107,15,37,500,311,9990,4900,400,600,44,47,12.1,26,4948,33,Notre Dame College,Ohio,OH,Private,4 Year,9980.0,30160,40140,30160,40140
303,Oakland University,No,3041,2581,1173,16,56,6441,3982,9114,4030,400,650,88,90,19.7,13,6637,53,Oakland University,Michigan,MI,Public,4 Year,10100.0,12606,22706,24230,34330
304,Oberlin College,Yes,4778,2767,678,50,89,2587,120,19670,5820,575,1119,77,96,10.1,47,16593,83,Oberlin College,Ohio,OH,Private,4 Year,16338.0,55054,71392,55054,71392
305,Occidental College,Yes,2324,1319,370,52,81,1686,35,16560,5140,558,1152,91,93,10.5,30,16196,79,Occidental College,California,CA,Private,4 Year,15496.0,54686,70182,54686,70182
306,Oglethorpe University,Yes,792,649,186,56,87,769,377,12900,4340,600,4110,91,95,13.1,27,8568,67,Oglethorpe University,Georgia,GA,Private,4 Year,13200.0,38100,51300,38100,51300
307,Ohio Northern University,Yes,2936,2342,669,35,62,2502,66,15990,4080,600,825,73,78,14.5,31,9979,83,Ohio Northern University,Ohio,OH,Private,4 Year,11650.0,32260,43910,32260,43910
308,Ohio University,No,11023,8298,3183,21,54,14861,1310,7629,4095,550,2300,79,87,20.4,13,8811,64,Ohio University,Ohio,OH,Public,4 Year,11830.0,12192,24022,21656,33486
309,Ohio Wesleyan University,Yes,2190,1700,458,36,65,1780,48,16732,5650,550,550,93,93,12.1,32,12011,75,Ohio Wesleyan University,Ohio,OH,Private,4 Year,12430.0,45760,58190,45760,58190
310,Oklahoma Baptist University,Yes,758,681,484,35,59,1707,705,5390,3140,515,1290,63,71,15.1,18,5511,50,Oklahoma Baptist University,Oklahoma,OK,Private,4 Year,7350.0,28258,35608,28258,35608
311,Oklahoma Christian University,Yes,776,765,351,22,44,1419,228,6400,3150,500,1900,58,64,16.2,8,6578,45,Oklahoma Christian University,Oklahoma,OK,Private,4 Year,8190.0,22760,30950,22760,30950
312,Oklahoma State University,No,4522,3913,2181,29,57,12830,1658,5336,3344,800,3100,84,92,15.3,14,6433,48,Oklahoma State University,Oklahoma,OK,Public,4 Year,8549.0,9019,17568,24539,33088
313,Ouachita Baptist University,Yes,910,773,450,31,73,1310,61,6530,2800,500,1500,63,67,13.3,10,6413,65,Ouachita Baptist University,Arkansas,AR,Private,4 Year,7880.0,26790,34670,26790,34670
314,Pace University,Yes,8256,3750,1522,37,70,5809,4379,11000,5160,660,1115,90,95,13.8,10,10059,62,Pace University,New York,NY,Private,4 Year,19200.0,45280,64480,45280,64480
315,Pacific Lutheran University,Yes,1603,1392,504,31,68,2580,302,13312,4488,600,1516,78,78,11.0,23,9431,83,Pacific Lutheran University,Washington,WA,Private,4 Year,10790.0,42066,52856,42066,52856
316,Pacific Union College,Yes,940,668,385,20,48,1316,139,11925,3825,630,1926,48,87,12.3,12,9157,69,Pacific Union College,California,CA,Private,4 Year,8310.0,30060,38370,30060,38370
317,Pacific University,Yes,943,849,288,41,71,1041,35,14210,3994,450,1100,76,76,10.9,22,11216,42,Pacific University,Oregon,OR,Private,4 Year,12528.0,44298,56826,44298,56826
318,Pepperdine University,Yes,3821,2037,680,86,96,2488,625,18200,6770,500,700,95,98,11.6,13,16185,66,Pepperdine University,California,CA,Private,4 Year,15320.0,53932,69252,53932,69252
319,Peru State College,No,701,501,458,10,40,959,457,2580,2624,500,900,48,100,20.1,24,4870,44,Peru State College,Nebraska,NE,Public,4 Year,8010.0,7452,15462,7482,15492
320,Piedmont College,Yes,663,562,127,20,40,641,63,5640,3620,600,750,89,89,13.2,17,7309,31,Piedmont College,Georgia,GA,Private,4 Year,10168.0,25920,36088,25920,36088
321,Pitzer College,Yes,1133,630,220,37,73,750,30,17688,5900,650,850,100,100,10.4,11,14820,73,Pitzer College,California,CA,Private,4 Year,16844.0,54056,70900,54056,70900
322,Presbyterian College,Yes,1082,832,302,34,63,1133,30,11859,3635,554,1429,80,85,13.4,42,8354,85,Presbyterian College,South Carolina,SC,Private,4 Year,10480.0,38660,49140,38660,49140
323,Princeton University,Yes,13218,2042,1153,90,98,4540,146,19900,5910,675,1575,91,96,8.4,54,28320,99,Princeton University,New Jersey,NJ,Private,4 Year,16290.0,49330,65620,49330,65620
324,Providence College,Yes,5139,3346,973,20,55,3717,1358,14400,6200,450,1100,66,74,18.4,35,8135,96,Providence College,Rhode Island,RI,Private,4 Year,14700.0,50390,65090,50390,65090
325,Quincy University,Yes,1025,707,297,22,66,1070,72,10100,4140,450,1080,69,71,16.3,32,6880,80,Quincy University,Illinois,IL,Private,4 Year,10500.0,28462,38962,28462,38962
326,Radford University,No,5702,4894,1742,15,37,8077,472,6684,4110,500,900,73,83,19.6,9,4519,62,Radford University,Virginia,VA,Public,4 Year,9406.0,11210,20616,22845,32251
327,Ramapo College of New Jersey,No,2088,957,362,6,29,2745,1938,4449,4860,600,1655,74,95,17.8,8,7333,47,Ramapo College of New Jersey,New Jersey,NJ,Public,4 Year,12450.0,14374,26824,23715,36165
328,Randolph-Macon College,Yes,1771,1325,306,21,46,1071,27,13840,3735,400,900,77,80,10.7,38,11080,74,Randolph-Macon College,Virginia,VA,Private,4 Year,11860.0,41400,53260,41400,53260
329,Reed College,Yes,1966,1436,327,47,80,1199,61,19960,5490,500,450,90,90,11.8,37,15886,68,Reed College,Oregon,OR,Private,4 Year,14210.0,56340,70550,56340,70550
330,Regis College,Yes,427,385,143,18,38,581,533,12700,5800,450,700,81,85,10.3,37,11758,84,Regis College,Massachusetts,MA,Private,4 Year,15180.0,41015,56195,41015,56195
331,Rensselaer Polytechnic Institute,Yes,4996,4165,936,53,82,4291,16,17475,5976,1230,1100,94,98,15.4,21,15605,70,Rensselaer Polytechnic Institute,New York,NY,Private,4 Year,15260.0,53880,69140,53880,69140
332,Rhodes College,Yes,2302,1831,391,58,82,1345,59,15200,4768,550,1500,90,96,10.8,47,13388,77,Rhodes College,Tennessee,TN,Private,4 Year,11403.0,47890,59293,47890,59293
333,Rider University,Yes,3586,2424,730,16,31,2748,1309,13250,5420,700,3100,84,92,12.3,23,11299,70,Rider University,New Jersey,NJ,Private,4 Year,14700.0,41310,56010,41310,56010
334,Ripon College,Yes,587,501,211,28,52,735,28,15200,4100,350,650,87,90,9.4,49,12472,64,Ripon College,Wisconsin,WI,Private,4 Year,8400.0,43808,52208,43808,52208
335,Roanoke College,Yes,2227,1790,437,27,54,1460,239,13425,4425,450,1200,85,89,13.0,26,9405,72,Roanoke College,Virginia,VA,Private,4 Year,13690.0,44030,57720,44030,57720
336,Rocky Mountain College,Yes,560,392,270,11,31,743,118,8734,3362,600,625,56,78,11.3,27,6422,68,Rocky Mountain College,Montana,MT,Private,4 Year,8330.0,28512,36842,28512,36842
337,Roger Williams University,Yes,3304,2804,679,10,20,2111,1489,12520,6050,500,730,44,54,16.4,8,7957,61,Roger Williams University,Rhode Island,RI,Private,4 Year,15890.0,34522,50412,34522,50412
338,Rollins College,Yes,1777,1151,382,31,55,1668,1052,16425,5220,955,750,81,85,13.3,23,11561,90,Rollins College,Florida,FL,Private,4 Year,14735.0,49760,64495,49760,64495
339,Sacred Heart University,Yes,2307,1896,509,19,51,1707,1889,11070,5780,400,600,71,73,14.8,16,7120,82,Sacred Heart University,Connecticut,CT,Private,4 Year,15310.0,41420,56730,41420,56730
340,Saint Anselm College,Yes,2095,1553,514,15,40,1873,94,12950,5400,450,1120,70,82,14.5,29,6719,97,Saint Anselm College,New Hampshire,NH,Private,4 Year,14500.0,41200,55700,41200,55700
341,Saint Cloud State University,No,3971,3306,1921,10,34,11493,2206,4259,2625,350,1884,70,75,18.9,10,4629,58,Saint Cloud State University,Minnesota,MN,Public,4 Year,8900.0,8912,17812,17146,26046
342,Saint Joseph's College,Yes,833,682,217,12,33,716,2196,9985,5180,500,800,53,89,27.2,8,4322,85,Saint Joseph's College,Indiana,IN,Private,4 Year,13280.0,34880,48160,34880,48160
343,Saint Joseph's University,Yes,2519,2003,776,39,71,2473,1314,12750,6350,350,1690,84,90,17.4,13,8243,83,Saint Joseph's University,Pennsylvania,PA,Private,4 Year,14840.0,44973,59813,44973,59813
344,Saint Louis University,Yes,3294,2855,956,44,67,4576,1140,11690,4730,800,6800,84,94,4.6,19,18367,67,Saint Louis University,Missouri,MO,Private,4 Year,12290.0,43884,56174,43884,56174
345,Saint Mary's College,Yes,888,734,393,26,60,1433,27,12730,4514,500,1525,74,95,9.9,31,11165,98,Saint Mary's College,Indiana,IN,Private,4 Year,12580.0,42220,54800,42220,54800
346,Saint Michael's College,Yes,1910,1380,463,16,64,1715,106,13030,5860,500,750,79,88,14.5,34,10190,84,Saint Michael's College,Vermont,VT,Private,4 Year,12220.0,45375,57595,45375,57595
347,Saint Xavier University,Yes,785,647,295,15,65,1670,726,10860,4624,600,794,87,100,13.7,15,8953,55,Saint Xavier University,Illinois,IL,Private,4 Year,11340.0,33880,45220,33880,45220
348,Salem College,Yes,335,284,132,28,69,534,216,10475,6300,500,2000,68,68,11.2,46,9599,60,Salem College,North Carolina,NC,Private,4 Year,11850.0,29416,41266,29416,41266
349,Samford University,Yes,1680,1395,691,34,76,2959,402,8236,3700,569,1650,74,75,14.7,17,9533,61,Samford University,Alabama,AL,Private,4 Year,10550.0,31650,42200,31650,42200
350,San Diego State University,No,9402,7020,2151,20,70,16407,5550,8384,5110,612,2400,87,93,19.5,7,7930,41,San Diego State University,California,CA,Public,4 Year,16735.0,7488,24223,19368,36103
351,Santa Clara University,Yes,4019,2779,888,40,73,3891,128,13584,5928,630,1278,88,92,13.9,19,10872,100,Santa Clara University,California,CA,Private,4 Year,14910.0,51711,66621,51711,66621
352,Sarah Lawrence College,Yes,1380,768,263,57,82,1000,105,19300,6694,600,700,89,93,6.1,18,14779,83,Sarah Lawrence College,New York,NY,Private,4 Year,15370.0,55900,71270,55900,71270
353,Scripps College,Yes,855,632,139,60,83,569,7,17238,7350,600,800,95,100,8.2,41,18372,73,Scripps College,California,CA,Private,4 Year,16932.0,55024,71956,55024,71956
354,Seattle Pacific University,Yes,1183,1016,411,42,82,1922,704,12669,4875,600,1250,83,85,16.8,20,10368,66,Seattle Pacific University,Washington,WA,Private,4 Year,11796.0,42939,54735,42939,54735
355,Seattle University,Yes,2115,1540,494,28,72,2993,347,12825,4375,500,1500,85,85,12.2,16,10175,89,Seattle University,Washington,WA,Private,4 Year,12288.0,44610,56898,44610,56898
356,Seton Hall University,Yes,4576,3565,1000,16,36,4384,1530,12000,6484,650,1000,81,84,14.4,15,10080,64,Seton Hall University,New Jersey,NJ,Private,4 Year,15800.0,42470,58270,42470,58270
357,Siena College,Yes,2961,1932,628,24,68,2669,616,10800,5100,575,1090,71,82,14.1,42,8189,100,Siena College,New York,NY,Private,4 Year,15000.0,37575,52575,37575,52575
358,Simmons College,Yes,1003,782,295,23,53,1144,160,16160,6950,500,1200,74,81,8.9,33,14086,79,Simmons College,Massachusetts,MA,Private,4 Year,15200.0,40800,56000,40800,56000
359,Simpson College,Yes,1016,872,300,27,57,1116,602,11250,4980,550,1400,66,73,15.8,36,7411,70,Simpson College,Iowa,IA,Private,4 Year,8380.0,39144,47524,39144,47524
360,Skidmore College,Yes,4293,2728,591,25,62,2322,263,18710,5970,500,700,87,92,12.7,29,14837,81,Skidmore College,New York,NY,Private,4 Year,14494.0,54420,68914,54420,68914
361,Smith College,Yes,2925,1598,632,51,88,2479,95,18820,6390,500,1050,85,97,10.3,44,21199,90,Smith College,Massachusetts,MA,Private,4 Year,17520.0,52404,69924,52404,69924
362,South Dakota State University,No,2807,2589,1701,13,37,7000,1103,3811,2190,500,1970,62,65,15.0,29,5084,67,South Dakota State University,South Dakota,SD,Public,4 Year,7896.0,8764,16660,12128,20024
363,Southeast Missouri State University,No,2281,1870,1408,18,43,6553,1246,4680,3540,200,2150,75,76,17.1,8,5916,45,Southeast Missouri State University,Missouri,MO,Public,4 Year,8935.0,7418,16353,13155,22090
364,Southern Methodist University,Yes,4301,3455,1166,41,69,4892,387,12772,5078,576,1802,74,88,13.5,17,12726,72,Southern Methodist University,Texas,TX,Private,4 Year,16845.0,54493,71338,54493,71338
365,Southwest Baptist University,Yes,1093,1093,642,12,32,1770,967,7070,2500,400,1000,52,54,15.9,13,4718,71,Southwest Baptist University,Missouri,MO,Private,4 Year,7720.0,24010,31730,24010,31730
367,Southwestern College,Yes,213,155,75,28,66,504,147,7200,3532,550,1500,56,56,11.8,12,7818,52,Southwestern College,Kansas,KS,Private,4 Year,7760.0,30150,37910,30150,37910
368,Southwestern University,Yes,1244,912,352,44,77,1177,43,11850,4675,600,1050,83,89,11.3,35,12995,67,Southwestern University,Texas,TX,Private,4 Year,12000.0,42000,54000,42000,54000
369,Spalding University,Yes,283,201,97,10,45,589,263,8400,2800,600,900,50,56,10.6,40,6860,89,Spalding University,Kentucky,KY,Private,4 Year,7600.0,24500,32100,24500,32100
370,Spelman College,Yes,3713,1237,443,47,83,1971,107,7000,5565,660,2400,73,80,12.5,18,9988,65,Spelman College,Georgia,GA,Private,4 Year,13865.0,29314,43179,29314,43179
372,St. John's College,Yes,323,278,122,31,51,393,4,16150,5450,275,800,63,72,7.2,26,15622,64,St. John's College,Maryland,MD,Private,4 Year,12602.0,53218,65820,53218,65820
373,St. John's College,Yes,323,278,122,31,51,393,4,16150,5450,275,800,63,72,7.2,26,15622,64,St. John's College,New Mexico,NM,Private,4 Year,12148.0,54118,66266,54118,66266
374,St. John Fisher College,Yes,1368,1064,354,19,51,1687,677,10570,5600,400,800,86,81,14.5,29,7908,66,St. John Fisher College,New York,NY,Private,4 Year,12400.0,34310,46710,34310,46710
375,St. Lawrence University,Yes,2753,1820,505,31,56,1801,45,18720,5730,650,825,90,94,11.5,38,14980,85,St. Lawrence University,New York,NY,Private,4 Year,14134.0,54846,68980,54846,68980
376,St. Mary's College of Maryland,No,1340,695,285,42,73,1315,209,6800,4730,675,1250,84,89,11.6,23,10357,63,St. Mary's College of Maryland,Maryland,MD,Public,4 Year,13202.0,14806,28008,30568,43770
377,St. Norbert College,Yes,1334,1243,568,30,56,1946,95,12140,4450,425,1100,74,78,15.1,36,8595,88,St. Norbert College,Wisconsin,WI,Private,4 Year,9954.0,38129,48083,38129,48083
378,St. Thomas Aquinas College,Yes,861,609,215,10,27,1117,815,8650,5700,500,1750,69,73,16.1,13,6534,67,St. Thomas Aquinas College,New York,NY,Private,4 Year,13250.0,31950,45200,31950,45200
379,Stephens College,Yes,450,405,194,17,34,614,388,13900,5200,450,2150,46,63,10.9,17,9995,59,Stephens College,Missouri,MO,Private,4 Year,10632.0,30950,41582,30950,41582
380,Stetson University,Yes,1557,1227,489,37,69,1964,81,12315,4565,600,1365,85,90,12.5,24,10307,73,Stetson University,Florida,FL,Private,4 Year,13052.0,46030,59082,46030,59082
381,Stevens Institute of Technology,Yes,1768,1249,380,51,93,1263,11,16900,5680,450,750,89,89,19.0,33,12837,79,Stevens Institute of Technology,New Jersey,NJ,Private,4 Year,15244.0,52202,67446,52202,67446
382,Stonehill College,Yes,3646,2300,585,25,69,2022,926,12170,6172,480,800,79,79,13.0,30,7495,97,Stonehill College,Massachusetts,MA,Private,4 Year,16000.0,42746,58746,42746,58746
383,SUNY College at Buffalo,No,5318,3515,1025,8,29,7626,2091,6550,4040,550,1230,71,78,18.7,12,7511,42,SUNY College at Buffalo,New York,NY,Public,4 Year,14050.0,8210,22260,17990,32040
384,SUNY College at Cortland,No,7888,3519,1036,6,40,5011,346,6550,4680,630,1274,82,85,17.8,17,5563,53,SUNY College at Cortland,New York,NY,Public,4 Year,12486.0,8558,21044,18338,30824
385,SUNY College at Fredonia,No,4877,2798,814,13,48,4123,298,6550,4420,620,1481,82,90,16.3,10,6442,66,SUNY College at Fredonia,New York,NY,Public,4 Year,12630.0,8488,21118,18268,30898
386,SUNY College at Geneseo,No,8598,4562,1143,56,93,5060,146,6550,4170,600,650,79,84,19.1,25,5716,76,SUNY College at Geneseo,New York,NY,Public,4 Year,13610.0,8651,22261,18431,32041
387,SUNY College at New Paltz,No,8399,3609,656,19,53,4658,1478,6550,4240,550,1500,85,93,15.3,8,6608,53,SUNY College at New Paltz,New York,NY,Public,4 Year,13462.0,8254,21716,18034,31496
388,SUNY College at Plattsburgh,No,5549,3583,853,9,40,5004,475,6550,4176,600,1380,80,90,17.9,16,6174,65,SUNY College at Plattsburgh,New York,NY,Public,4 Year,12988.0,8479,21467,18259,31247
389,SUNY College at Potsdam,No,3150,2289,650,16,51,3598,234,6840,4660,500,1000,71,75,15.1,17,6436,59,SUNY College at Potsdam,New York,NY,Public,4 Year,13390.0,8462,21852,18242,31632
390,SUNY College at Purchase,No,2119,1264,390,5,33,2478,1441,6550,4760,1125,1362,80,100,14.9,8,8170,46,SUNY College at Purchase,New York,NY,Public,4 Year,13764.0,8698,22462,18478,32242
391,Susquehanna University,Yes,2096,1512,465,27,59,1442,166,16130,4710,400,800,83,86,13.9,37,10554,90,Susquehanna University,Pennsylvania,PA,Private,4 Year,12630.0,47290,59920,47290,59920
392,Sweet Briar College,Yes,462,402,146,36,68,527,41,14500,6000,500,600,91,99,6.5,48,18953,61,Sweet Briar College,Virginia,VA,Private,4 Year,13000.0,21000,34000,21000,34000
393,Syracuse University,Yes,10477,7260,2442,28,67,10142,117,15150,6870,635,960,73,84,11.3,13,14231,67,Syracuse University,New York,NY,Private,4 Year,15550.0,51853,67403,51853,67403
394,Tabor College,Yes,257,183,109,19,41,396,38,7850,3410,400,1500,55,70,10.0,15,7233,53,Tabor College,Kansas,KS,Private,4 Year,9850.0,28245,38095,28245,38095
395,Talladega College,Yes,4414,1500,335,30,60,908,119,5666,2964,1000,1400,56,58,15.5,7,5970,46,Talladega College,Alabama,AL,Private,4 Year,6704.0,12510,19214,12510,19214
396,Taylor University,Yes,1769,1092,437,41,80,1757,81,10965,4000,450,1250,60,61,14.2,32,8294,98,Taylor University,Indiana,IN,Private,4 Year,9614.0,34114,43728,34114,43728
397,Texas Christian University,Yes,4095,3079,1195,33,64,5064,660,8490,3320,650,2400,81,93,14.8,23,9158,64,Texas Christian University,Texas,TX,Private,4 Year,12804.0,46950,59754,46950,59754
398,Texas Southern University,No,4345,3245,2604,15,85,5584,3101,7860,3360,600,1700,65,75,18.2,21,3605,10,Texas Southern University,Texas,TX,Public,4 Year,10282.0,9173,19455,21623,31905
399,Texas Wesleyan University,Yes,592,501,279,19,44,1204,392,6400,3484,600,1800,80,83,14.5,10,7936,43,Texas Wesleyan University,Texas,TX,Private,4 Year,10559.0,30300,40859,30300,40859
400,The Citadel,No,1500,1242,611,12,36,2024,292,7070,2439,400,779,95,94,17.1,17,7744,84,The Citadel,South Carolina,SC,Public,4 Year,6904.0,14289,21193,36761,43665
401,Thiel College,Yes,1154,951,253,15,31,791,140,11172,4958,700,1350,68,76,11.6,16,9186,60,Thiel College,Pennsylvania,PA,Private,4 Year,12600.0,31700,44300,31700,44300
402,Tiffin University,Yes,845,734,254,5,21,662,351,7600,3800,600,1200,59,74,19.0,40,5096,39,Tiffin University,Ohio,OH,Private,4 Year,10600.0,25000,35600,25000,35600
403,Transylvania University,Yes,759,729,244,57,81,867,51,10900,4450,500,1000,81,91,12.1,41,10219,70,Transylvania University,Kentucky,KY,Private,4 Year,10460.0,38750,49210,38750,49210
404,Trinity University,Yes,2425,1818,601,62,93,2110,95,12240,5150,500,490,94,96,9.6,20,14703,93,Trinity University,Texas,TX,Private,4 Year,13464.0,42976,56440,42976,56440
405,Tulane University,Yes,7033,5125,1223,47,75,4941,1534,19040,5950,350,800,98,98,9.1,21,16920,74,Tulane University,Louisiana,LA,Private,4 Year,15190.0,54820,70010,54820,70010
406,Tusculum College,Yes,626,372,145,12,34,983,40,7700,3400,450,800,70,70,21.9,28,4933,52,Tusculum College,Tennessee,TN,Private,4 Year,9190.0,24860,34050,24860,34050
407,Tuskegee University,Yes,2267,1827,611,20,59,2825,144,6735,3395,600,1425,70,74,12.2,7,10872,65,Tuskegee University,Alabama,AL,Private,4 Year,9650.0,22170,31820,22170,31820
408,University of Alabama at Birmingham,No,1797,1260,938,24,35,6960,4698,4440,5175,750,2200,96,96,6.7,16,16352,33,University of Alabama at Birmingham,Alabama,AL,Public,4 Year,6400.0,10710,17110,24630,31030
409,University of Central Florida,No,6986,2959,1918,25,60,12330,7152,6618,4234,700,1600,80,98,22.2,9,6742,46,University of Central Florida,Florida,FL,Public,4 Year,9617.0,6368,15985,22467,32084
410,University of Charleston,Yes,682,535,204,22,43,771,611,9500,3540,400,750,26,58,2.5,10,7683,57,University of Charleston,West Virginia,WV,Private,4 Year,9180.0,30900,40080,30900,40080
411,University of Chicago,Yes,6348,2999,922,68,94,3340,39,18930,6380,500,1254,99,99,5.3,36,36854,90,University of Chicago,Illinois,IL,Private,4 Year,16350.0,58230,74580,58230,74580
412,University of Cincinnati,No,6855,5553,2408,26,57,11036,2011,8907,4697,556,1851,89,95,10.8,6,13889,54,University of Cincinnati,Ohio,OH,Public,4 Year,11118.0,11000,22118,26334,37452
413,University of Dallas,Yes,681,588,246,44,74,1058,73,10760,6230,500,1200,85,93,13.4,26,8731,63,University of Dallas,Texas,TX,Private,4 Year,12400.0,40652,53052,40652,53052
414,University of Dayton,Yes,6361,5293,1507,26,51,5889,665,11380,4220,500,900,81,85,14.8,25,8894,93,University of Dayton,Ohio,OH,Private,4 Year,13580.0,42900,56480,42900,56480
415,University of Delaware,Yes,14446,10516,3252,22,57,14130,4522,10220,4230,530,1300,82,87,18.3,15,10650,75,University of Delaware,Delaware,DE,Public,4 Year,12862.0,13680,26542,34310,47172
416,University of Denver,Yes,2974,2001,580,29,60,2666,554,15192,4695,400,1350,84,91,15.9,21,11762,67,University of Denver,Colorado,CO,Private,4 Year,13005.0,50556,63561,50556,63561
417,University of Detroit Mercy,Yes,927,731,415,24,50,2149,2217,11130,3996,600,2166,72,79,13.5,14,10891,51,University of Detroit Mercy,Michigan,MI,Private,4 Year,9496.0,28000,37496,28000,37496
418,University of Dubuque,Yes,576,558,137,11,39,662,131,10430,3620,400,1500,85,98,16.5,18,8767,45,University of Dubuque,Iowa,IA,Private,4 Year,9930.0,34110,44040,34110,44040
419,University of Evansville,Yes,2096,1626,694,35,67,2551,407,11800,4340,700,960,60,81,15.8,26,7780,77,University of Evansville,Indiana,IN,Private,4 Year,12460.0,36416,48876,36416,48876
420,University of Florida,No,12445,8836,3623,54,85,24470,3286,7090,4180,630,1530,88,97,13.4,20,14737,66,University of Florida,Florida,FL,Public,4 Year,10120.0,6381,16501,28658,38778
421,University of Georgia,No,11220,7871,3320,43,79,19553,2748,5697,3600,525,1755,88,95,14.7,22,7881,63,University of Georgia,Georgia,GA,Public,4 Year,10038.0,11830,21868,30404,40442
422,University of Hartford,Yes,5081,4040,1194,11,26,3768,1415,14220,6000,500,1440,61,76,10.7,9,10625,66,University of Hartford,Connecticut,CT,Private,4 Year,12476.0,40694,53170,40694,53170
423,University of Hawaii at Manoa,No,3580,2603,1627,36,69,11028,2411,4460,3038,687,1281,85,87,11.8,6,12833,54,University of Hawaii at Manoa,Hawaii,HI,Public,4 Year,13689.0,11970,25659,34002,47691
424,University of Illinois at Chicago,No,8384,5727,2710,22,50,13518,2916,7230,5088,630,3228,82,84,10.0,6,13883,34,University of Illinois at Chicago,Illinois,IL,Public,4 Year,12074.0,13764,25838,26980,39054
425,University of Indianapolis,Yes,1487,1276,388,26,51,1417,1646,11120,4080,525,1405,55,56,11.1,23,6735,69,University of Indianapolis,Indiana,IN,Private,4 Year,10288.0,29688,39976,29688,39976
426,University of Kansas,No,8579,5561,3681,25,50,17880,1673,6994,3384,700,2681,88,94,13.7,17,9657,57,University of Kansas,Kansas,KS,Public,4 Year,10350.0,11148,21498,27358,37708
427,University of La Verne,Yes,1597,969,226,16,38,1431,1522,13540,5050,630,2298,66,68,14.1,23,10139,47,University of La Verne,California,CA,Private,4 Year,12850.0,43050,55900,43050,55900
428,University of Louisville,No,4777,3057,1823,16,33,9844,6198,6540,3600,530,2440,84,92,11.1,24,10207,31,University of Louisville,Kentucky,KY,Public,4 Year,9226.0,11656,20882,27278,36504
429,University of Maine at Farmington,No,1208,803,438,20,48,1906,344,6810,3970,450,1647,67,75,15.9,26,5712,59,University of Maine at Farmington,Maine,ME,Public,4 Year,9726.0,9666,19392,19778,29504
430,University of Maine at Machias,No,441,369,172,17,45,633,317,6600,3680,600,400,46,46,15.1,4,5935,64,University of Maine at Machias,Maine,ME,Public,4 Year,8486.0,7840,16326,15100,23586
431,University of Maine at Presque Isle,No,461,381,235,10,40,974,503,6600,3630,400,1675,67,67,15.2,11,6408,35,University of Maine at Presque Isle,Maine,ME,Public,4 Year,8406.0,8035,16441,12235,20641
432,University of Miami,Yes,7122,5386,1643,42,69,7760,876,16500,6526,630,1985,82,94,5.9,17,17500,59,University of Miami,Florida,FL,Private,4 Year,14108.0,50226,64334,50226,64334
433,University of Mississippi,No,3844,3383,1669,26,47,7524,804,4916,3810,600,550,81,86,20.3,14,6971,53,University of Mississippi,Mississippi,MS,Public,4 Year,10696.0,8660,19356,24614,35310
434,University of Mobile,Yes,452,331,269,17,54,1417,301,6150,3680,550,1200,59,63,16.6,4,5412,52,University of Mobile,Alabama,AL,Private,4 Year,9600.0,22820,32420,22820,32420
435,University of Montevallo,No,1351,892,570,18,78,2385,331,4440,3030,300,600,72,72,18.9,8,5883,51,University of Montevallo,Alabama,AL,Public,4 Year,9330.0,12760,22090,25780,35110
436,University of New England,Yes,1209,750,265,19,54,820,159,11450,5045,900,2500,72,75,11.4,13,9718,64,University of New England,Maine,ME,Private,4 Year,13990.0,37620,51610,37620,51610
437,University of New Hampshire,No,9750,7640,2529,24,62,10358,1338,11180,3862,650,2450,89,87,17.5,16,7855,75,University of New Hampshire,New Hampshire,NH,Public,4 Year,11580.0,18499,30079,33879,45459
438,University of North Carolina at Asheville,No,1757,979,394,32,74,2033,1078,5972,3420,600,750,77,83,13.0,11,7011,37,University of North Carolina at Asheville,North Carolina,NC,Public,4 Year,9106.0,7145,16251,23868,32974
439,University of North Carolina at Chapel Hill,No,14596,5985,3331,75,92,14609,1100,8400,4200,550,1200,88,93,8.9,23,15893,83,University of North Carolina at Chapel Hill,North Carolina,NC,Public,4 Year,11190.0,8987,20177,35170,46360
440,University of North Carolina at Charlotte,No,5803,4441,1730,19,62,10099,3255,7248,3109,600,1900,79,91,16.8,7,6227,62,University of North Carolina at Charlotte,North Carolina,NC,Public,4 Year,11100.0,7044,18144,20478,31578
441,University of North Carolina at Greensboro,No,5191,4134,1500,15,44,7532,1847,8677,3505,600,1300,75,94,15.5,17,7392,53,University of North Carolina at Greensboro,North Carolina,NC,Public,4 Year,9038.0,7319,16357,22478,31516
442,University of North Carolina at Wilmington,No,6071,3856,1449,15,67,6635,1145,7558,3680,500,1500,82,85,19.1,15,6005,55,University of North Carolina at Wilmington,North Carolina,NC,Public,4 Year,10686.0,7000,17686,21065,31751
443,University of North Dakota,No,2777,2249,1652,20,54,8334,1435,5634,2703,450,1200,97,97,15.9,16,9424,49,University of North Dakota,North Dakota,ND,Public,4 Year,8974.0,8695,17669,20759,29733
444,University of North Florida,No,1800,1253,560,44,85,3876,3588,6634,4360,600,2604,82,85,17.8,14,6104,47,University of North Florida,Florida,FL,Public,4 Year,9976.0,6394,16370,20112,30088
445,University of North Texas,No,4418,2737,2049,23,51,14047,5134,4104,3579,450,1700,86,94,22.6,6,5657,35,University of North Texas,Texas,TX,Public,4 Year,9727.0,11250,20977,23700,33427
446,University of Northern Colorado,No,5530,4007,1697,12,37,8463,1498,7731,4128,540,2286,75,75,21.5,8,6309,40,University of Northern Colorado,Colorado,CO,Public,4 Year,11204.0,9786,20990,21474,32678
447,University of Northern Iowa,No,4144,3379,1853,18,52,10135,1448,6197,2930,595,2380,78,82,16.3,26,6333,77,University of Northern Iowa,Iowa,IA,Public,4 Year,8948.0,8938,17886,19480,28428
448,University of Notre Dame,Yes,7700,3700,1906,79,96,7671,30,16850,4400,600,1350,96,92,13.1,46,13936,97,University of Notre Dame,Indiana,IN,Private,4 Year,15410.0,53391,68801,53391,68801
449,University of Oklahoma,No,4743,3970,2233,32,63,13436,2582,5173,3526,765,3176,86,90,11.5,11,10244,44,University of Oklahoma,Oklahoma,OK,Public,4 Year,10994.0,11763,22757,27144,38138
450,University of Oregon,No,8631,6732,2546,25,61,11669,1605,10602,3660,570,1530,79,87,19.7,13,8020,54,University of Oregon,Oregon,OR,Public,4 Year,12963.0,11898,24861,35478,48441
451,University of Pennsylvania,Yes,12394,5232,2464,85,100,9205,531,17020,7270,500,1544,95,96,6.3,38,25765,93,University of Pennsylvania,Pennsylvania,PA,Private,4 Year,15616.0,55584,71200,55584,71200
452,University of Portland,Yes,1758,1485,419,27,58,2041,174,12040,4100,600,1100,92,96,13.2,17,9060,72,University of Portland,Oregon,OR,Private,4 Year,13450.0,45904,59354,45904,59354
453,University of Puget Sound,Yes,4044,2826,688,51,83,2738,138,16230,4500,630,1800,79,86,15.0,17,11217,63,University of Puget Sound,Washington,WA,Private,4 Year,12540.0,49776,62316,49776,62316
454,University of Rhode Island,No,9643,7751,1968,12,40,8894,2456,10330,5558,500,1250,84,89,16.6,7,9158,63,University of Rhode Island,Rhode Island,RI,Public,4 Year,12950.0,14138,27088,30862,43812
455,University of Richmond,Yes,5892,2718,756,46,72,2854,594,14500,3285,700,1125,75,89,11.7,32,11984,100,University of Richmond,Virginia,VA,Private,4 Year,12250.0,52610,64860,52610,64860
456,University of Rochester,Yes,8766,5498,1243,56,75,5071,438,17840,6582,500,882,93,99,5.9,23,26037,80,University of Rochester,New York,NY,Private,4 Year,15938.0,53926,69864,53926,69864
457,University of San Diego,Yes,3934,2735,886,40,70,3698,217,13600,5940,630,1820,93,96,15.6,13,10813,66,University of San Diego,California,CA,Private,4 Year,12980.0,49358,62338,49358,62338
458,University of San Francisco,Yes,2306,1721,538,23,48,4309,549,13226,6452,750,2450,86,86,13.6,8,10074,62,University of San Francisco,California,CA,Private,4 Year,14830.0,48066,62896,48066,62896
459,University of Scranton,Yes,4471,2942,910,29,60,3674,493,11584,5986,650,800,83,83,14.1,41,9131,92,University of Scranton,Pennsylvania,PA,Private,4 Year,15182.0,44532,59714,44532,59714
460,University of South Florida,No,7589,4676,1876,29,63,14770,10962,6760,3776,500,2180,84,89,17.0,7,11020,47,University of South Florida,Florida,FL,Public,4 Year,11610.0,6410,18020,17324,28934
461,University of Southern California,Yes,12229,8498,2477,45,71,13259,1429,17230,6482,600,2210,90,94,11.4,10,17007,68,University of Southern California,California,CA,Private,4 Year,15395.0,56225,71620,56225,71620
462,University of Southern Indiana,No,2379,2133,1292,8,25,4283,2973,4973,3192,500,1425,56,65,22.0,21,4078,38,University of Southern Indiana,Indiana,IN,Public,4 Year,8838.0,7970,16808,18626,27464
463,University of Southern Mississippi,No,2850,2044,1046,20,50,9260,1387,4652,2470,500,500,78,99,18.7,23,5917,45,University of Southern Mississippi,Mississippi,MS,Public,4 Year,9857.0,8734,18591,10734,20591
464,University of Texas at Arlington,No,3281,2559,1448,19,43,10975,8431,4422,2780,500,2850,73,73,21.0,4,4696,29,University of Texas at Arlington,Texas,TX,Public,4 Year,10302.0,10250,20552,25134,35436
465,University of Texas at Austin,No,14752,9572,5329,48,85,30017,5189,5130,3309,650,3140,91,99,19.7,11,7837,65,University of Texas at Austin,Texas,TX,Public,4 Year,10804.0,10606,21410,37480,48284
466,University of Texas at San Antonio,No,4217,3100,1686,17,46,9375,5457,4104,5376,452,1200,94,100,25.3,3,4329,50,University of Texas at San Antonio,Texas,TX,Public,4 Year,11578.0,9900,21478,24262,35840
467,University of the Arts,Yes,974,704,290,5,22,1145,39,12520,3860,1300,700,16,59,7.5,9,11641,57,University of the Arts,Pennsylvania,PA,Private,4 Year,16322.0,44780,61102,44780,61102
468,University of the Pacific,Yes,2459,1997,582,36,66,2664,299,16320,5326,646,1171,87,94,11.2,14,13706,65,University of the Pacific,California,CA,Private,4 Year,13650.0,48040,61690,48040,61690
469,University of Tulsa,Yes,1712,1557,696,41,68,2936,433,11750,4160,1200,2350,94,96,11.5,10,11743,47,University of Tulsa,Oklahoma,OK,Private,4 Year,11116.0,41509,52625,41509,52625
470,University of Utah,No,5095,4491,2400,27,53,13894,8374,6857,3975,858,3093,89,93,12.8,9,9275,37,University of Utah,Utah,UT,Public,4 Year,10262.0,9222,19484,29215,39477
471,University of Vermont,No,7663,6008,1735,18,51,7353,1674,15516,4928,500,990,87,90,9.9,10,12646,79,University of Vermont,Vermont,VT,Public,4 Year,12462.0,18276,30738,42516,54978
472,University of Virginia,No,15849,5384,2678,74,95,11278,114,12212,3792,500,1000,90,92,9.5,22,13597,95,University of Virginia,Virginia,VA,Public,4 Year,11590.0,17564,29154,48465,60055
473,University of Washington,No,12749,7025,3343,40,81,20356,4582,8199,4218,708,2172,96,94,9.0,10,16527,65,University of Washington,Washington,WA,Public,4 Year,12798.0,11517,24315,36898,49696
474,University of West Florida,No,1558,1254,472,20,57,3754,2477,6172,3994,541,1387,83,87,23.4,12,8488,53,University of West Florida,Florida,FL,Public,4 Year,9942.0,6360,16302,18628,28570
475,University of Wisconsin-Stout,No,2593,1966,1030,9,32,6038,579,6704,2592,376,1750,78,78,21.0,17,6254,65,University of Wisconsin-Stout,Wisconsin,WI,Public,4 Year,6924.0,9457,16381,17423,24347
476,University of Wisconsin-Superior,No,910,910,342,14,53,1434,417,7032,2780,550,1960,75,81,15.2,15,6490,36,University of Wisconsin-Superior,Wisconsin,WI,Public,4 Year,6792.0,8126,14918,15699,22491
477,University of Wisconsin-Whitewater,No,4400,3719,1472,12,38,7804,1552,6950,2500,300,1200,90,95,23.1,16,5559,67,University of Wisconsin-Whitewater,Wisconsin,WI,Public,4 Year,6786.0,7692,14478,16265,23051
478,University of Wyoming,No,2029,1516,1073,23,46,7535,1488,5988,3422,600,1500,91,94,15.1,13,8745,45,University of Wyoming,Wyoming,WY,Public,4 Year,10320.0,5400,15720,17490,27810
479,Upper Iowa University,Yes,663,452,192,10,35,1481,1160,8840,3060,500,1000,69,75,17.4,19,3733,78,Upper Iowa University,Iowa,IA,Private,4 Year,8454.0,30450,38904,30450,38904
480,Ursinus College,Yes,1399,1026,308,44,77,1131,17,14900,5160,500,800,82,85,11.6,40,12082,79,Ursinus College,Pennsylvania,PA,Private,4 Year,12750.0,52050,64800,52050,64800
481,Ursuline College,Yes,325,260,86,21,47,699,717,9600,4202,450,750,39,69,10.5,15,7164,68,Ursuline College,Ohio,OH,Private,4 Year,10776.0,32390,43166,32390,43166
482,Valley City State University,No,368,344,212,5,27,863,189,4286,2570,600,2000,39,41,14.9,25,4958,40,Valley City State University,North Dakota,ND,Public,4 Year,6446.0,7626,14072,17166,23612
483,Valparaiso University,Yes,2075,1727,520,49,81,2501,198,11800,3260,500,800,87,89,14.2,23,9681,95,Valparaiso University,Indiana,IN,Private,4 Year,11860.0,40260,52120,40260,52120
484,Vanderbilt University,Yes,7791,4690,1499,71,92,5500,90,17865,6525,630,952,93,98,5.8,26,23850,83,Vanderbilt University,Tennessee,TN,Private,4 Year,16234.0,49816,66050,49816,66050
485,Vassar College,Yes,3550,1877,653,53,87,2164,77,18920,5950,600,800,90,98,9.7,39,17089,90,Vassar College,New York,NY,Private,4 Year,13550.0,56960,70510,56960,70510
486,Villanova University,Yes,7759,5588,1477,30,68,6362,1292,15925,6507,400,300,89,90,13.4,24,10458,96,Villanova University,Pennsylvania,PA,Private,4 Year,14020.0,53308,67328,53308,67328
487,Virginia Commonwealth University,No,4963,3497,1567,18,45,10262,5065,10217,4182,500,3630,81,87,8.7,11,11183,45,Virginia Commonwealth University,Virginia,VA,Public,4 Year,10428.0,14490,24918,35138,45566
488,Virginia State University,No,2996,2440,704,2,30,3006,338,5587,4845,500,600,61,63,16.0,11,5733,31,Virginia State University,Virginia,VA,Public,4 Year,11208.0,9056,20264,19576,30784
489,Virginia Union University,Yes,1847,1610,453,19,59,1298,67,7384,3494,500,1763,51,67,13.7,8,6757,30,Virginia Union University,Virginia,VA,Private,4 Year,8598.0,17448,26046,17448,26046
490,Voorhees College,Yes,1465,1006,188,10,30,703,20,4450,2522,500,1200,43,43,22.9,3,5861,58,Voorhees College,South Carolina,SC,Private,4 Year,7346.0,12630,19976,12630,19976
491,Wabash College,Yes,800,623,256,41,76,801,5,12925,4195,500,635,78,85,9.9,55,14904,72,Wabash College,Indiana,IN,Private,4 Year,10050.0,43450,53500,43450,53500
492,Wagner College,Yes,1416,1015,417,10,44,1324,117,13500,5800,585,1700,67,78,13.2,23,9006,75,Wagner College,New York,NY,Private,4 Year,14124.0,47090,61214,47090,61214
493,Wake Forest University,Yes,5661,2392,903,75,88,3499,172,13850,4360,500,1250,95,97,4.3,37,41766,89,Wake Forest University,North Carolina,NC,Private,4 Year,16032.0,53322,69354,53322,69354
494,Walsh University,Yes,1092,890,477,27,92,847,497,8670,4180,500,1450,42,58,11.3,33,5738,68,Walsh University,Ohio,OH,Private,4 Year,10680.0,29980,40660,29980,40660
495,Warren Wilson College,Yes,440,311,112,25,49,466,7,10000,3052,400,1100,65,75,11.4,20,9430,63,Warren Wilson College,North Carolina,NC,Private,4 Year,10980.0,36280,47260,36280,47260
496,Wartburg College,Yes,1231,1074,345,34,66,1295,105,11600,3610,400,850,66,91,12.4,37,7735,67,Wartburg College,Iowa,IA,Private,4 Year,9996.0,41280,51276,41280,51276
497,Washington and Lee University,Yes,3315,1096,425,68,93,1584,3,13750,4619,680,1115,81,96,9.6,45,15736,90,Washington and Lee University,Virginia,VA,Private,4 Year,13925.0,52455,66380,52455,66380
498,Washington College,Yes,1209,942,214,31,60,822,46,15276,5318,500,300,79,86,11.2,37,10830,65,Washington College,Maryland,MD,Private,4 Year,12414.0,46978,59392,46978,59392
499,Washington State University,No,6540,5839,2440,31,70,14445,1344,8200,4210,800,2719,84,87,16.9,30,10912,56,Washington State University,Washington,WA,Public,4 Year,11398.0,11581,22979,26365,37763
500,Wayne State College,No,1373,1373,724,6,21,2754,474,2700,2660,540,1660,60,68,20.3,29,4550,52,Wayne State College,Nebraska,NE,Public,4 Year,7668.0,6989,14657,12299,19967
501,Webster University,Yes,665,462,226,17,44,1739,1550,9160,4340,500,500,68,68,20.6,14,6951,48,Webster University,Missouri,MO,Private,4 Year,11050.0,27900,38950,27900,38950
502,Wellesley College,Yes,2895,1249,579,80,96,2195,156,18345,5995,500,700,94,98,10.6,51,21409,91,Wellesley College,Massachusetts,MA,Private,4 Year,16468.0,53732,70200,53732,70200
503,Wells College,Yes,318,240,130,40,85,416,19,14900,5550,600,500,93,98,8.3,42,13935,69,Wells College,New York,NY,Private,4 Year,14100.0,40700,54800,40700,54800
504,Wentworth Institute of Technology,Yes,1480,1257,452,6,25,2961,572,9850,6050,850,920,10,68,15.4,8,17858,64,Wentworth Institute of Technology,Massachusetts,MA,Private,4 Year,14190.0,33950,48140,33950,48140
505,Wesley College,Yes,980,807,350,10,25,872,448,9890,4674,500,1350,52,57,14.4,15,6243,84,Wesley College,Delaware,DE,Private,4 Year,11717.0,26406,38123,26406,38123
506,Wesleyan University,Yes,4772,1973,712,60,86,2714,27,19130,5600,1400,1400,90,94,12.1,39,16262,92,Wesleyan University,Connecticut,CT,Private,4 Year,15060.0,54914,69974,54914,69974
507,West Virginia Wesleyan College,Yes,1566,1400,483,28,55,1509,170,14200,3775,450,1100,58,81,16.4,42,8080,67,West Virginia Wesleyan College,West Virginia,WV,Private,4 Year,8856.0,31640,40496,31640,40496
508,Western Carolina University,No,3224,2519,1057,11,31,5000,706,6390,2380,110,1622,67,78,14.6,9,6554,55,Western Carolina University,North Carolina,NC,Public,4 Year,9682.0,4220,13902,8220,17902
509,Western Michigan University,No,9167,7191,2738,24,53,15739,4278,6940,4100,500,1700,80,84,24.7,11,5983,55,Western Michigan University,Michigan,MI,Public,4 Year,10143.0,12483,22626,15373,25516
510,Western Washington University,No,5548,3563,1549,30,71,8909,506,8124,4144,639,2385,83,89,22.7,10,7203,61,Western Washington University,Washington,WA,Public,4 Year,11466.0,8132,19598,23544,35010
511,Westminster College,Yes,996,866,377,29,58,1411,72,12065,3615,430,685,62,78,12.5,41,8596,80,Westminster College,Utah,UT,Private,4 Year,9524.0,34300,43824,34300,43824
512,Westminster College,Yes,996,866,377,29,58,1411,72,12065,3615,430,685,62,78,12.5,41,8596,80,Westminster College,Pennsylvania,PA,Private,4 Year,11130.0,36806,47936,36806,47936
513,Westminster College,Yes,996,866,377,29,58,1411,72,12065,3615,430,685,62,78,12.5,41,8596,80,Westminster College,Missouri,MO,Private,4 Year,10140.0,27600,37740,27600,37740
514,Westmont College,No,950,713,351,42,72,1276,9,14320,5304,490,1410,77,77,14.9,17,8837,87,Westmont College,California,CA,Private,4 Year,14296.0,45304,59600,45304,59600
515,Whitman College,Yes,1861,998,359,45,77,1220,46,16670,4900,750,800,80,83,10.5,51,13198,72,Whitman College,Washington,WA,Private,4 Year,13174.0,51764,64938,51764,64938
516,Whittier College,Yes,1681,1069,344,35,63,1235,30,16249,5699,500,1998,84,92,13.6,29,11778,52,Whittier College,California,CA,Private,4 Year,14410.0,48086,62496,48086,62496
517,Widener University,Yes,2139,1492,502,24,64,2186,2171,12350,5370,500,1350,88,86,12.6,19,9603,63,Widener University,Pennsylvania,PA,Private,4 Year,14446.0,45948,60394,45948,60394
518,Wilkes University,Yes,1631,1431,434,15,36,1803,603,11150,5130,550,1260,78,92,13.3,24,8543,67,Wilkes University,Pennsylvania,PA,Private,4 Year,14682.0,36194,50876,36194,50876
519,Willamette University,Yes,1658,1327,395,49,80,1595,159,14800,4620,400,790,91,94,13.3,37,10779,68,Willamette University,Oregon,OR,Private,4 Year,12440.0,50074,62514,50074,62514
520,William Jewell College,Yes,663,547,315,32,67,1279,75,10060,2970,500,2600,74,80,11.2,19,7885,59,William Jewell College,Missouri,MO,Private,4 Year,9930.0,34400,44330,34400,44330
521,William Woods University,Yes,469,435,227,17,39,851,120,10535,4365,550,3700,39,66,12.9,16,7438,52,William Woods University,Missouri,MO,Private,4 Year,9700.0,24110,33810,24110,33810
522,Williams College,Yes,4186,1245,526,81,96,1988,29,19629,5790,500,1200,94,99,9.0,64,22014,99,Williams College,Massachusetts,MA,Private,4 Year,14500.0,55450,69950,55450,69950
523,Wilson College,Yes,167,130,46,16,50,199,676,11428,5084,450,475,67,76,8.3,43,10291,67,Wilson College,Pennsylvania,PA,Private,4 Year,11594.0,24595,36189,24595,36189
524,Winona State University,No,3325,2047,1301,20,45,5800,872,4200,2700,300,1200,53,60,20.2,18,5318,58,Winona State University,Minnesota,MN,Public,4 Year,9010.0,9425,18435,15348,24358
525,Winthrop University,No,2320,1805,769,24,61,3395,670,6400,3392,580,2150,71,80,12.8,26,6729,59,Winthrop University,South Carolina,SC,Public,4 Year,9312.0,15590,24902,29846,39158
526,Wisconsin Lutheran College,Yes,152,128,75,17,41,282,22,9100,3700,500,1400,48,48,8.5,26,8960,50,Wisconsin Lutheran College,Wisconsin,WI,Private,4 Year,10190.0,29725,39915,29725,39915
527,Wittenberg University,Yes,1979,1739,575,42,68,1980,144,15948,4404,400,800,82,95,12.8,29,10414,78,Wittenberg University,Ohio,OH,Private,4 Year,10356.0,39500,49856,39500,49856
528,Wofford College,Yes,1501,935,273,51,83,1059,34,12680,4150,605,1440,91,92,15.3,42,7875,75,Wofford College,South Carolina,SC,Private,4 Year,12685.0,43845,56530,43845,56530
529,Worcester Polytechnic Institute,Yes,2768,2314,682,49,86,2802,86,15884,5370,530,730,92,94,15.2,34,10774,82,Worcester Polytechnic Institute,Massachusetts,MA,Private,4 Year,14774.0,50530,65304,50530,65304
530,Xavier University,Yes,1959,1805,695,24,47,2849,1107,11520,4960,600,1250,73,75,13.3,31,9189,83,Xavier University,Ohio,OH,Private,4 Year,12780.0,38530,51310,38530,51310
531,Xavier University of Louisiana,Yes,2097,1915,695,34,61,2793,166,6900,4200,617,781,67,75,14.4,20,8323,49,Xavier University of Louisiana,Louisiana,LA,Private,4 Year,9047.0,24488,33535,24488,33535
532,Yale University,Yes,10705,2453,1317,95,99,5217,83,19840,6510,630,2115,96,96,5.8,49,40386,99,Yale University,Connecticut,CT,Private,4 Year,16000.0,53430,69430,53430,69430
533,York College of Pennsylvania,Yes,2989,1855,691,28,63,2988,1726,4990,3560,500,1250,75,75,18.1,28,4509,99,York College of Pennsylvania,Pennsylvania,PA,Private,4 Year,11200.0,20100,31300,20100,31300
